job_title,company,location,job_description,job_url,job_posting_date
Data Engineer - Periscope,McKinsey & Company,"Gurugram, Haryana, India","Your Growth Youâ€™ll work with our Periscope team in our Gurgaon and Bangalore, India office. Periscop...",https://www.google.com/search?ibp=htl;jobs&q=Data+Engineer&htidocid=Tj0hmhPFvTY9OVviAAAAAA%3D%3D&hl=en-US&shndl=37&shmd=H4sIAAAAAAAA_xXMTQrCMBBAYdz2CK5m5UJqUgQ3ulTxD8EblGkc0kg7EzIptKfxqtbN41u94rsoqhNmhDP7wEQJNvCiFNRJpNl3aUAJk2tBGC4ivqPloc056t5a1c54zZiDM056K0yNjPYjjf5Ta4uJYoeZ6u2uGk1kvzZP9wisNMEKjtJH5AnCvB7S4BP2JVwxTchYwo3fAX_kGvoWogAAAA&shmds=v1_AUFQtONBwCIMRA0kYrQxYWH9PGw4DgWQrhDXUen7rFAkQgntPw&source=sh/x/job/li/m1/1#fpstate=tldetail&htivrt=jobs&htiq=Data+Engineer&htidocid=Tj0hmhPFvTY9OVviAAAAAA%3D%3D,N/A
Staff IT Data Engineer,Palo Alto Networks,"Bengaluru, Karnataka, India","Our Mission

At Palo Alto NetworksÂ® everything starts and ends with our mission:

Being the cybersec...",https://www.google.com/search?ibp=htl;jobs&q=Data+Engineer&htidocid=kYl8oOdKrIjPRwl_AAAAAA%3D%3D&hl=en-US&shndl=37&shmd=H4sIAAAAAAAA_xXOsQrCMBAAUFz7CU43S9uo4KKTokgVRNC9XOs1jY13Jbli_8ZfVZc3v-QzSbKbYtNAcYc9KsKBrWOiABmcpIJIGOoWhOEoYj1NN61qH9fGxOhzGxXV1XktLyNMlYzmKVX8U8YWA_Uelcrlaj7mPdvZ4opeYOtV4EL6ltBFcAw7Yot-CEMKZwz8a3SYQsEPh1_vd9brogAAAA&shmds=v1_AUFQtOMLA7la21hIyhJOhtP8Rn91sQ89YWl9YEuTgM2mbts8_g&source=sh/x/job/li/m1/1#fpstate=tldetail&htivrt=jobs&htiq=Data+Engineer&htidocid=kYl8oOdKrIjPRwl_AAAAAA%3D%3D,N/A
Data Engineer,Chubb External,"Madhavaram, Telangana, India","â€¢ Minimum of 4 -9 years of experience in ETL development using IICS-CDI (Cloud Data Integration),

i...",https://www.google.com/search?ibp=htl;jobs&q=Data+Engineer&htidocid=T7XmDq0EDh5_s4FpAAAAAA%3D%3D&hl=en-US&shndl=37&shmd=H4sIAAAAAAAA_xXEsQrCMBAGYFz7CE43OIkmIrjoqEUU3NzLn_ZIIuldSaL0PXxh8Ru-5rtoVhdUUCs-CnOmLd3VUWHkPpAKXVV94uUp1DqVo7WlJONLRY296XW0Kux0ti915V9XAjJPCZW7_WE3m0n82pzD2zlq58pZkCgKPTAEfJAxbujJCeIh2NBNhogfkn1_D5YAAAA&shmds=v1_AUFQtONAakVCdb09CDT8fet-mtg6VovZD9SDgxU2wYwNnYowOw&source=sh/x/job/li/m1/1#fpstate=tldetail&htivrt=jobs&htiq=Data+Engineer&htidocid=T7XmDq0EDh5_s4FpAAAAAA%3D%3D,N/A
Data Solutions Engineer III,OpenGov,"Pune, Maharashtra, India",OpenGov is home to an exceptional team - passionate about our mission to power more effective and ac...,https://www.google.com/search?ibp=htl;jobs&q=Data+Engineer&htidocid=eAoQDSITMbtQt9c_AAAAAA%3D%3D&hl=en-US&shndl=37&shmd=H4sIAAAAAAAA_xXKsQrCMBAAUFz7CU4HblIbKbjoqpQIouAHlGs9kki8C7lU-iV-r7q86VWfRdUesSDcJU4lCCuc2AUmymCthQ2cZQAlzKMHYehEXKTlwZeSdG-MamycFixhbEZ5GWEaZDZPGfRPrx4zpYiF-na3nZvEbr26JuJO3hAYbhNTDRf8NVRfMtZg-RHwC1koVp-ZAAAA&shmds=v1_AUFQtOMnaMerhD-x6uV-W3YPo8TwecDujmySSUzZp2thRuOZ7Q&source=sh/x/job/li/m1/1#fpstate=tldetail&htivrt=jobs&htiq=Data+Engineer&htidocid=eAoQDSITMbtQt9c_AAAAAA%3D%3D,3/4/2025
Clinical Data Engineer (RWD),Astellas,"Maharashtra, India","Through close collaboration with study leads, research scientists, statisticians, clinicians, regula...",https://www.google.com/search?ibp=htl;jobs&q=Data+Engineer&htidocid=7KTvu-YcG0M0aW9VAAAAAA%3D%3D&hl=en-US&shndl=37&shmd=H4sIAAAAAAAA_xXKsQ4BQRAA0GjvExQyJcKtEA2VOBESjUZ5mVuT3ZU1c9mZ4r7DF6N51as-o2pzzImTxwwNGsKJQ2KiAtP7o5nBEq7SgRIWH0EYziIh03gfzXrdOaea66CGlnzt5e2EqZPBvaTTP61GLNRnNGrX29VQ9xzmk4Ma5YwKieGGv4EareACLvxM-AWaufWTlQAAAA&shmds=v1_AUFQtOP8ZlZxTmo2FIbgcCcVuiGXTF7st57sHk-lE9G3x6F4RQ&source=sh/x/job/li/m1/1#fpstate=tldetail&htivrt=jobs&htiq=Data+Engineer&htidocid=7KTvu-YcG0M0aW9VAAAAAA%3D%3D,3/5/2025
Manager Data Engineering,Mr. Cooper,"Chennai, Tamil Nadu, India","At Mr. Cooper Group, You Make the Dream Possible.

Our purpose is simple: Keeping the dream of homeo...",https://www.google.com/search?ibp=htl;jobs&q=Data+Engineer&htidocid=onmff74EQ97vH7wrAAAAAA%3D%3D&hl=en-US&shndl=37&shmd=H4sIAAAAAAAA_xXNsQrCMBAAUFz7CU43itREBBcdq4hCndzLtT2SlPQu5CL0U_xcdXnrqz6ryrbI6CjDBQvClV1gohzYwQ4e0oMS5sGDMNxEXKT12ZeS9GStajROC5YwmEFmK0y9LHaSXv906jFTilioOxz3i0nstps2G2hE0i8MDI0nZgw1vHAOEZ44vmu48xjwC-rXK7ibAAAA&shmds=v1_AUFQtONW7-cjUGkYsr-GvZ4fj9V2nYEn-jMLDmveAmzP1c_JKw&source=sh/x/job/li/m1/1#fpstate=tldetail&htivrt=jobs&htiq=Data+Engineer&htidocid=onmff74EQ97vH7wrAAAAAA%3D%3D,2/25/2025
Big Data Engineer- Aftersales,Mercedes-Benz Research and Development India Private Limited,"Bengaluru, Karnataka, India","Tasks

Key roles and responsibilities include:

Â· Work with Business & IT teams to gather, understan...",https://www.google.com/search?ibp=htl;jobs&q=Data+Engineer&htidocid=V4bIyehjnHAxV89_AAAAAA%3D%3D&hl=en-US&shndl=37&shmd=H4sIAAAAAAAA_y2OwU7CUBBF45ZPcDVrQ1tDZKMrCIQgmhi2Lsi0vb4-eZ1p3gyE-JV-kiW4Oat7bs7k927ytIyBVuxMawlRgFzQ4suRjROMCnrVmgycm45UaKMaEu5fOvfBnqvKLJXBnD02ZaN9pYJaL9W31nbFwTrOGBI7DrP546UcJDx8viM3aGHFEvJDe_zfs7S0whlJhx7itJU2Mn3keB51eot9dLQUhUYtcDrl05R2nGWMP_L0Nv8DZwfwnNMAAAA&shmds=v1_AUFQtOOHQZx7yBbm69leHMBen3-jr_VmClTXgdPgALxdtwvNPQ&source=sh/x/job/li/m1/1#fpstate=tldetail&htivrt=jobs&htiq=Data+Engineer&htidocid=V4bIyehjnHAxV89_AAAAAA%3D%3D,N/A
"Senior Software Engineer - C#, Data Engineer",Capgemini,"Pune, Maharashtra, India","Job Description
â€¢ Software Design and Development: Design, development, and maintenance of complex s...",https://www.google.com/search?ibp=htl;jobs&q=Data+Engineer&htidocid=m2AR-F6SphaEXiFkAAAAAA%3D%3D&hl=en-US&shndl=37&shmd=H4sIAAAAAAAA_02NMQrCQBAAsc0TrBbERmIigo2WUURBEPIA2cT17iTZPW5XzJf8pbGzmWIYmOwzyaqaOEiCWh72xkRwYBeYKMESqlkOezT8d2dpQAlT60EYjiKuo-nOm0XdlqVqVzg1tNAWrfSlMDUylE9p9Ieb-nEROzS6rTeroYjsFvMKo6M-cIDAcH0x5XDBMUT1ljCHE98DfgG1RT2SrAAAAA&shmds=v1_AUFQtOOHBwj9_wiUNqHMdsB-ygPBFG89XiTYjK81xRXCzKmh9w&source=sh/x/job/li/m1/1#fpstate=tldetail&htivrt=jobs&htiq=Data+Engineer&htidocid=m2AR-F6SphaEXiFkAAAAAA%3D%3D,2/27/2025
TCS Hiring for Azure Data Engineer with Snowflake Pune,Tata Consultancy Services,"Salem, Tamil Nadu, India","TCS Hiring for Azure Data Engineer with Snowflake

Experience: 4 to 14 Years Only

Job Location: Pun...",https://www.google.com/search?ibp=htl;jobs&q=Data+Engineer&htidocid=XcHXVU6gK8xY-7IGAAAAAA%3D%3D&hl=en-US&shndl=37&shmd=H4sIAAAAAAAA_xXNwU7CQBAG4HjlETz9Z4MtMeGiJwMGJdGYtHcyXYbtyHam2dkK-nq8GOHyXb_Z5W722a4avEsWjThYxuv_lBlrKoQ3jaLMGScpPRq10yHRkfE9KeMRW-vgTDn0MMXGLCa-f-lLGf25rt1TFb1QkVAFG2pT7uxc_1jnN3beU-YxUeHd03JxrkaND8v21q5MfUqFNPyh4fwrgR2iaCjxMEdLgyR80X6a40P3QleT4NyKxgAAAA&shmds=v1_AUFQtOMGP2D7THMDItRxtk-9rmIT-oDke27LyviDukLohrISdw&source=sh/x/job/li/m1/1#fpstate=tldetail&htivrt=jobs&htiq=Data+Engineer&htidocid=XcHXVU6gK8xY-7IGAAAAAA%3D%3D,3/5/2025
Sr.Data Engineer,Huron,"Lingarajapura, Karnataka, India",Huron is redefining what a global consulting organization can be. Advancing new ideas every day to b...,https://www.google.com/search?ibp=htl;jobs&q=Data+Engineer&htidocid=aweaJsqP_NMxMjJNAAAAAA%3D%3D&hl=en-US&shndl=37&shmd=H4sIAAAAAAAA_xWNOw7CMAxAxdojMHkDIUgQEgtdQXw3DlC5xUpTih3ZqdRjcGTK8vSm94rvrFg81R0xI5w4RCZS2MBNajBCbVoQhrNI6GletjknO3hv1rtgGXNsXCMfL0y1jL6T2v6orEWl1GOmarffji5xWC0vg06pyPCIHFCxwzQoruGOytP9PemVXxF_FzVme5MAAAA&shmds=v1_AUFQtOPbcNydiTKpaT-xz0ndb4YsfPiHwpaSd7WqK3JSSjV4OQ&source=sh/x/job/li/m1/1#fpstate=tldetail&htivrt=jobs&htiq=Data+Engineer&htidocid=aweaJsqP_NMxMjJNAAAAAA%3D%3D,2/17/2025
data-engineer-21068,IBM,"Mumbai, Maharashtra, India",No job summary available....,https://www.google.com/search?ibp=htl;jobs&q=Data+Engineer&htidocid=AwtG_oM4BhMHFgttAAAAAA%3D%3D&hl=en-US&shndl=37&shmd=H4sIAAAAAAAA_xXKsQrCMBAAUFz7CU7nWpqmFhTRzUUq9BvKpT2SSHtXchH6EX60urzpFZ9dUU6Y0RD7yETJtMfmfAEDT3GghGkMIAwPET_T_hZyXvVqrepce82Y41iPslhhcrLZlzj9M2jAROuMmYb21Gz1yr48dPceIkP_XhzGCnr8JdSQE1bQ8RTxC96mqkSPAAAA&shmds=v1_AUFQtON1VRTonnxNzVjmGdjbFLpUgJC3bwYYXGl0Q_-9qWSycg&source=sh/x/job/li/m1/1#fpstate=tldetail&htivrt=jobs&htiq=Data+Engineer&htidocid=AwtG_oM4BhMHFgttAAAAAA%3D%3D,2/25/2025
Senior Data API Engineer- Data Platform,Charles River,Anywhere,"At Charles River, we are passionate about improving the quality of peopleâ€™s lives. When you join our...",https://www.google.com/search?ibp=htl;jobs&q=Data+Engineer&htidocid=AWArqefb_5VzlK0ZAAAAAA%3D%3D&hl=en-US&shndl=37&shmd=H4sIAAAAAAAA_yXMwQqCQBCAYbr6CJ3mLOpG0KUgkAqxk9QDyKxO68q6Iztb9Eq9ZUaX__Ad_uSzSo538pYDnDEilE0NF2-sJwr5nxqH8cFhghyurEEIQzcAe6iYjaP1YYhxlr1SIq4wEjHaruh4UuxJ81uNrOWXVgYMNC83are7zbuYvUnT04KOBG72RQGsh3KYqEeNfQbVc8SAMYPa9xa_3PEvZawAAAA&shmds=v1_AUFQtOO3sSRyR7RKdithOWcdE6XiORICxHWBviXj4B7cImXTnA&source=sh/x/job/li/m1/1#fpstate=tldetail&htivrt=jobs&htiq=Data+Engineer&htidocid=AWArqefb_5VzlK0ZAAAAAA%3D%3D,2/24/2025
Senior Data Engineer,HealthEdge,"Varthur, Bengaluru, Karnataka, India","Overview
Sr. Data Engineer
What will you do:

Build data pipelines to assemble large, complex sets o...",https://www.google.com/search?ibp=htl;jobs&q=Data+Engineer&htidocid=zxmZixzP--Q4X2iaAAAAAA%3D%3D&hl=en-US&shndl=37&shmd=H4sIAAAAAAAA_xXOvQrCQAwAYFz7CE6Ztfak4KKbWPwbBdeS1nB3eiYll0KfxmdVl2_-is-sWN6Ioygc0BAa9pGJFFZwkQ4yofYBhOEo4hPNd8FsyFvnck6Vz4YW-6qXtxOmTib3lC7_aXNApSGhUVtv1lM1sF_UJ8JkoXl4gshwR7Uwagl7Yo9p1LGEKyr_Hi8s4cyPiF_3o0T1oQAAAA&shmds=v1_AUFQtOMlgCOhLoHTmoiHjz1oFVPMuwjhURj8G8nQFah45Y6snQ&source=sh/x/job/li/m1/1#fpstate=tldetail&htivrt=jobs&htiq=Data+Engineer&htidocid=zxmZixzP--Q4X2iaAAAAAA%3D%3D,2/5/2025
Senior Snowflake Data Engineer,Bright Vision Technologies,"Pune, Maharashtra, India",Bright Vision Technologies has an immediate Full-time opportunity for Senior Snowflake Data Engineer...,https://www.google.com/search?ibp=htl;jobs&q=Data+Engineer&htidocid=Nn1Lj3-XTIzUlLftAAAAAA%3D%3D&hl=en-US&shndl=37&shmd=H4sIAAAAAAAA_xXMsQrCQAyAYVz7CE6ZRVsR6qCbKKIgCBXXktZ4Fz2TcjmxD-VDWpd_-_7sO8rKioQ1QiX6uQd8EmwxIezEsRBFmMFRGzDC2HpQgb2qCzRe-5Q6WxWFWcidJUzc5q2-ChVqtC8e2tg_tXmM1AVMVC_KeZ934ibLTWTnE1zZeFheqPWiQR2TAQuc30JTOOEg0XyKOIWD3Bh_lFQiPa8AAAA&shmds=v1_AUFQtOPrY6taldEplXdMrog-tUWH3sJhl7oVqXc10Dj-h8qamg&source=sh/x/job/li/m1/1#fpstate=tldetail&htivrt=jobs&htiq=Data+Engineer&htidocid=Nn1Lj3-XTIzUlLftAAAAAA%3D%3D,2/27/2025
Marketing Data & Analytics Engineer Manager & Product Owner,Kimberly-Clark,"Bengaluru, Karnataka, India","About Us

HuggiesÂ®. KleenexÂ®. CottonelleÂ®. ScottÂ®. KotexÂ®. PoiseÂ®. DependÂ®. Kimberly-Clark Professio...",https://www.google.com/search?ibp=htl;jobs&q=Data+Engineer&htidocid=iiIYJijcxRpKooiVAAAAAA%3D%3D&hl=en-US&shndl=37&shmd=H4sIAAAAAAAA_xWOTQrCMBBGcesRXM3KhdhGBDe68g_RUhQvIJN2SGPTmZKkqLfzaMbN-3ibjzf-jsb3En1L0bKBA0aEKWwZ3SfaKsCRjWUiDyUymrRTuHmphyrC9cXJM7iIhkDoqwaE4SRiHE02TYx9WCsVgstNiJje8ko6JUxa3uopOvzxCA166h1GeixXi3fes5llhe00effJ9i6lgWXYERt0gx_mUKDnlNniHM5cW_wBVL-75cMAAAA&shmds=v1_AUFQtOO49pEzzp7CrT-AenisYsdgkOYX7U5MPQetylJZ4dxrRA&source=sh/x/job/li/m1/1#fpstate=tldetail&htivrt=jobs&htiq=Data+Engineer&htidocid=iiIYJijcxRpKooiVAAAAAA%3D%3D,N/A
"Big Data Engineer, CorpFPA",Amazon,"Bengaluru, Karnataka, India","Senior Big Data Engineer role at Amazon's FP&A team, building enterprise-scale financial analytics s...",https://www.google.com/search?ibp=htl;jobs&q=Data+Engineer&htidocid=Ojf7Z2pwAs4RuBwVAAAAAA%3D%3D&hl=en-US&shndl=37&shmd=H4sIAAAAAAAA_xXOPQ7CMAxAYbH2CExeWFBpAIkFppY_AQs3qNxipYHUjuJUqrgI1wWWN3562WeSrSpn4YAJ4cjWMVHMYS8xnO4lLOAqDShhbDsQhrOI9TTddSkF3Rqj6gurCZNri1Z6I0yNjOYpjf5Ta4eRgsdE9XqzHIvAdj4re3z_LMdQEVv0QxxyuGHk38MLc7jww-EX_wqYxpoAAAA&shmds=v1_AUFQtONEOmzWTJZOtJeALA6i_uW9AbUjbLmjAd4B4envnqc9ig&source=sh/x/job/li/m1/1#fpstate=tldetail&htivrt=jobs&htiq=Data+Engineer&htidocid=Ojf7Z2pwAs4RuBwVAAAAAA%3D%3D,N/A
Principal Data Engineer (MTS4),Nielsen,"Gurugram, Haryana, India","At Nielsen, we are passionate about our work to power a better media future for all people by provid...",https://www.google.com/search?ibp=htl;jobs&q=Data+Engineer&htidocid=1uz9cIqZfNrqy-gjAAAAAA%3D%3D&hl=en-US&shndl=37&shmd=H4sIAAAAAAAA_xXMvQrCMBAAYFz7CE4HLiq1EbGLroo_oAi6l2s80kh6V3Ip1EfxbdXlG7_sM8rKW_RsfYcBdpgQ9uw8E0WYXh739QwWcJYalDDaBoThIOICjbdNSp1ujFENhdOEydvCSmuEqZbBvKTWP5U2GKkLmKhalcuh6NjNJ1dPQYnB_74-9i5im8MR4xsZczjx0-MXZp2yOJwAAAA&shmds=v1_AUFQtOOeq3qA58KPZTHN36ZUt3UHI4anOrgTkTiAuO9B_256UQ&source=sh/x/job/li/m1/1#fpstate=tldetail&htivrt=jobs&htiq=Data+Engineer&htidocid=1uz9cIqZfNrqy-gjAAAAAA%3D%3D,N/A
"Data Engineer, Surveillance Analytics","F337 Deutsche India Private Limited, Pune Branch",India,"Job Description: Job Title: Data Engineer, Surveillance Analytics Corporate Title: Associate Locatio...",https://www.google.com/search?ibp=htl;jobs&q=Data+Engineer&htidocid=3VTuYoHdALwWNexHAAAAAA%3D%3D&hl=en-US&shndl=37&shmd=H4sIAAAAAAAA_yXOPQrCQBBAYWxzBKupJSZiEPGnUaKiWAgeIEw2Q3ZlMxt2NiFezPMZsXnVV7zoM4n2OQaEE9eGiXwMz873ZKxFVgQHRvsORgnM4eZKEEKvNDiGi3O1pelOh9DKNk1FbFJLwBEnyjWpYyrdkL5cKb8UotFTazFQsVwthqTlerY5Z9kacuqCKE1w5cogPLzpRwV305hAVQyPjgmOfvzRYPivvoyWnrO5AAAA&shmds=v1_AUFQtOMXnRmbZ2CKn5RNggzXVQcGvbk0tFWC0aDFbxXic0DGcw&source=sh/x/job/li/m1/1#fpstate=tldetail&htivrt=jobs&htiq=Data+Engineer&htidocid=3VTuYoHdALwWNexHAAAAAA%3D%3D,2/21/2025
"Data Engineer,Azure",Fractal Analytics,"Bengaluru, Karnataka, India","About Fractal

What makes Fractal a GREAT fit for you? When you join Fractal, youll be part of a fas...",https://www.google.com/search?ibp=htl;jobs&q=Data+Engineer&htidocid=9GP2UNI3QQQ8hVFFAAAAAA%3D%3D&hl=en-US&shndl=37&shmd=H4sIAAAAAAAA_xXOTQrCMBBAYdz2CK5mXWpSBDe6qviDeogyjUMajTMlk0L1Kl7Wunm7D17xXRTlATPCkX1golQ1nzERrOAqHShhcj0Iw1nER1ru-pwH3VqrGo3XjDk44-RlhamTyT6k039a7THREDFTu97UkxnYl_UpocsYoWGM71kqBIY9scc4prGCGyaeX55YwYXvAX8v0oyKngAAAA&shmds=v1_AUFQtOOjwT8crdR18wcTD0INhLqHzhIqynv2HB679J4YQwPZGA&source=sh/x/job/li/m1/1#fpstate=tldetail&htivrt=jobs&htiq=Data+Engineer&htidocid=9GP2UNI3QQQ8hVFFAAAAAA%3D%3D,N/A
Sr Data Engineer,Servcrust,"Hyderabad, Telangana, India","Sr Data Engineer

Experience Level: 6+ years

About Us:
ServCrust is revolutionizing the Constructio...",https://www.google.com/search?ibp=htl;jobs&q=Data+Engineer&htidocid=fPALZJDLkgmH19DiAAAAAA%3D%3D&hl=en-US&shndl=37&shmd=H4sIAAAAAAAA_xXEOw7CMAwAULH2CEzeQKg0CIkFVhCfteyVk1ppULCr2KByC46MeMOrvrNq0RY4oiGcOCYmKrCGm3hQwhIGEIazSMw0Pwxmo-6dU81NVENLoQnydMLkZXIP8fqv0wELjRmNuu1uMzUjx9WypfIO5aUGieHy6amgx76GO2XkiIw1XLlP-AN1GmtckwAAAA&shmds=v1_AUFQtONBrrcjlvGZoyKnSTEcG8w2GhN5Q5K_-nz-X3l7b_p8LA&source=sh/x/job/li/m1/1#fpstate=tldetail&htivrt=jobs&htiq=Data+Engineer&htidocid=fPALZJDLkgmH19DiAAAAAA%3D%3D,N/A
Data Engineer: Data Platforms-Google,IBM,"Chennai, Tamil Nadu, India","Introduction
In this role, you'll work in one of our IBM Consulting Client Innovation Centers (Deliv...",https://www.google.com/search?ibp=htl;jobs&q=Data+Engineer&htidocid=oY3Dr_v52pLGDb26AAAAAA%3D%3D&hl=en-US&shndl=37&shmd=H4sIAAAAAAAA_yWMuwrCQBAAsc0nWK2tJDkRbJLOBxJBsbAPm2S9O7nshuwJ-Rn_1VczMFNM8pol5R4jwoGtZ6KxgJ9eA8a7jL1mRxEbCDI4SQNKOLYOhOGf56WLcdDCGNWQW40YfZu30hthamQyD2n0i1odjjR8rlSvN6spH9guF9X2DJ5h54gZfQo37H2AC3bPFCruPL4ByLb2OKAAAAA&shmds=v1_AUFQtOM6xjiRzVHFMOAINVdz83E_trYdHZSxCXRmMkIYUg59gA&source=sh/x/job/li/m1/1#fpstate=tldetail&htivrt=jobs&htiq=Data+Engineer&htidocid=oY3Dr_v52pLGDb26AAAAAA%3D%3D,2/28/2025
Sr. Data Engineer (Machine Learning),Visa,"Bengaluru, Karnataka, India","Company Description

Visa is a world leader in payments and technology, with over 259 billion paymen...",https://www.google.com/search?ibp=htl;jobs&q=Data+Engineer&htidocid=DIKt7bxdpHaCOIM-AAAAAA%3D%3D&hl=en-US&shndl=37&shmd=H4sIAAAAAAAA_xWOuwoCMRBFsd1PsBqwUVkTEWzcThTxVQm2MhtDEo0zSyYL-zf-qrG5nFOdW31HVXNLCnaYEfbkAlmbYHpF4wvCxWKiQG4GCzhxC1LceGCCA7OLdtz4nDvZaC0SlZOMORhl-KOZbMuDfnEr_3mIx2S7iNk-VuvloDpy88k9CEIg2FpyGPvU13AuwfLljTUc6RnwB39dkA2iAAAA&shmds=v1_AUFQtOPYA1_ZhMNLQMBoEZgZ4y4CR3vhr6G6j0OeFJnDPG-ygw&source=sh/x/job/li/m1/1#fpstate=tldetail&htivrt=jobs&htiq=Data+Engineer&htidocid=DIKt7bxdpHaCOIM-AAAAAA%3D%3D,2/22/2025
"Data Engineer-SQL,Python,GCP,ETL-5-10Yrs-Gurgaon(Hybrid)",Crescendo Global,"Gurugram, Haryana, India","Exciting opportunity for a Data Engineer with 4â€“7 years' experience to lead analytic strategies, tec...",https://www.google.com/search?ibp=htl;jobs&q=Data+Engineer&htidocid=dhT1Qv-1a-9HzoSrAAAAAA%3D%3D&hl=en-US&shndl=37&shmd=H4sIAAAAAAAA_xXMsW7CMBAAUHXlEzrdCJWd0Eos7QgogJAAtUsndE5OjpG5i-4cifxbP67t8sY3-3manTZYELYcExOp_7wc3XkqvbBr1me3_Tr6lX9dfqv5ZtSIwvPdFDR1C_BwkABGqG0PwtCIxEzPH30pg73XtVmuohUsqa1audfCFORR3yTYP1frUWnIWOj6tlo-qoHji1srWUvcCTRZAmZIf_GoY1S8O9ihTsjoYM9dwl8VuM4evwAAAA&shmds=v1_AUFQtOMH-WOX_3uRJIm0KEcy_SN1ZIDcTPRyfzOZA9Qq4V2AUQ&source=sh/x/job/li/m1/1#fpstate=tldetail&htivrt=jobs&htiq=Data+Engineer&htidocid=dhT1Qv-1a-9HzoSrAAAAAA%3D%3D,2/21/2025
Software Engineer - Data Platform,Qube Research & Technologies,"Mumbai, Maharashtra, India","Qube Research & Technologies (QRT) is a global quantitative and systematic investment manager, opera...",https://www.google.com/search?ibp=htl;jobs&q=Data+Engineer&htidocid=hdc3gcltgEZ47nu4AAAAAA%3D%3D&hl=en-US&shndl=37&shmd=H4sIAAAAAAAA_y3MywrCMBCFYdz2EVzNyoXURgRBdKuIQsHbvkzqNImkmZJJse_lC1rBzYF_cb7sM8k2d27SGyPBIRgXiCIsYI8J4eIxNRzbsc-sQQhjbYEDHJmNp-nOptTJVikRXxhJmFxd1NwqDqR5UC_W8ptK7Mh3o0bVar0cii6Y-fbaa4Ib_dUZPKi2gT0bRwIuQNm3Gl0OJY5vFJsi5nAKT4dfmv265rYAAAA&shmds=v1_AUFQtON9-gPHc1FeSUCRGU2XD28L7X3YWBagnPEOp9ZivfI6Zw&source=sh/x/job/li/m1/1#fpstate=tldetail&htivrt=jobs&htiq=Data+Engineer&htidocid=hdc3gcltgEZ47nu4AAAAAA%3D%3D,2/19/2025
Data Engineer - Technical Implementation,Mastercard,"Pune, Maharashtra, India",Are you a data enthusiast with a passion for turning complex information into actionable insights? D...,https://www.google.com/search?ibp=htl;jobs&q=Data+Engineer&htidocid=WvEo02X5Q-nQb_xEAAAAAA%3D%3D&hl=en-US&shndl=37&shmd=H4sIAAAAAAAA_xWKsQrCMBBAce0nON3kILURwUUHF0UqCA7u5ZoeSSS9hNwJ_SK_03Z58Hiv-q2qyxUV4cYuMFGBHbzJeg4WI7RjjjQSK2pIPKdH6kEIi_Uw-z0lF2l99qpZTsaIxMbJMtvGptEkpj5N5pN6WdCJx0I5olJ3OO6nJrPbbp4oSsViGSAwvL5MNTxxPlG8Fqyh5SHgH6LXcUipAAAA&shmds=v1_AUFQtOPTJebNexWxidi5DYUpBv6huOSFsP9CHTpCo7cmJ8rAWw&source=sh/x/job/li/m1/1#fpstate=tldetail&htivrt=jobs&htiq=Data+Engineer&htidocid=WvEo02X5Q-nQb_xEAAAAAA%3D%3D,N/A
"Data Engineer- Python, Spark, SQL",NEC Software Solutions (India),"Maharashtra, India","Company Description

Our philosophy is to understand our customersâ€™ business first before we get to ...",https://www.google.com/search?ibp=htl;jobs&q=Data+Engineer&htidocid=tuAftDfKGUB4PdC-AAAAAA%3D%3D&hl=en-US&shndl=37&shmd=H4sIAAAAAAAA_x2LzQ7BUBCFY9tHsJol0h8REmFJIwQhfYBmWlfvpWaaOyPqobyjsjnny_lygk8vmK9REVKqHBnjIzi91TKFkDXo712d9xDBjgsQg760wAQb5qo2_aVVbWSRJCJ1XImiujIu-ZEwmYLb5MaF_CIXi940NarJJ7NxGzdUjabHdAUZX_XVuQ7qpzomgcGWLg6H4AgO2P1QrHoM4T9_AaulGDiwAAAA&shmds=v1_AUFQtOMYlLo9bo7rxDHk8o_BFiY49k2rTkXMunRixivJGDUXPg&source=sh/x/job/li/m1/1#fpstate=tldetail&htivrt=jobs&htiq=Data+Engineer&htidocid=tuAftDfKGUB4PdC-AAAAAA%3D%3D,3/1/2025
Senior Data Engineer - Power BI,Tiger Analytics,"Hyderabad, Telangana, India","As a Senior Data Engineer, you will work to enhance our business intelligence system to help us make...",https://www.google.com/search?ibp=htl;jobs&q=Data+Engineer&htidocid=gw_P_InCA4X9Qd8oAAAAAA%3D%3D&hl=en-US&shndl=37&shmd=H4sIAAAAAAAA_xWMMQrCQBBFsc0RrKaWuCuCFlopisZKMH2YTYbNyjoTdhY0B_Kexua_17xffGfF9kEcJMEJM8KZfWCiBEu4y3visZr0Jg6UMLU9CMNFxEea7_ucB91ZqxqN14w5tKaVlxUmJx_7FKf_abTHREPETM16s_qYgf3C1MFP7wfGOE6dQmC4jh0ldNiVUFNE9shYQsVdwB_K_pRvqAAAAA&shmds=v1_AUFQtON4qr3M-AoMy1NxeWRp7dnKPLsrlOJt821nBDbaJUPQHg&source=sh/x/job/li/m1/1#fpstate=tldetail&htivrt=jobs&htiq=Data+Engineer&htidocid=gw_P_InCA4X9Qd8oAAAAAA%3D%3D,N/A
"Data Engineer, I",Zebra Technologies,"Bengaluru, Karnataka, India","Remote Work: Hybrid

Overview:

At Zebra, we are a community of innovators who come together to crea...",https://www.google.com/search?ibp=htl;jobs&q=Data+Engineer&htidocid=bW-fZ1EuMUGfOQQXAAAAAA%3D%3D&hl=en-US&shndl=37&shmd=H4sIAAAAAAAA_xXOsQrCMBAAUFz7CU63CVIbFVzsJoqoq5NLucQjica7kkuhv-LfWpc3v-o7qxZHLAgn9pGJcg0XWMFVLChhdgGE4SziE83bUEqve2NUU-O1YImucfIxwmRlNC-x-qfTgJn6hIW67W49Nj375eZBNiPcyQWWJD6SQmQ4EHtMQx5quGHmafLGqcDPiD8UdVAxnAAAAA&shmds=v1_AUFQtOPow90SB2ySoosWE4xgGxDLSiO5e-uEBTXc9ear99jQCA&source=sh/x/job/li/m1/1#fpstate=tldetail&htivrt=jobs&htiq=Data+Engineer&htidocid=bW-fZ1EuMUGfOQQXAAAAAA%3D%3D,2/26/2025
"Data Engineer with Python ,Bigdata & Aws-Gunjan(HM)",CodersBrain,"Bagaluru, Karnataka, India","Greetings from Coders Brain Technology Pvt. Ltd.

Coders Brain is a global leader in its services, d...",https://www.google.com/search?ibp=htl;jobs&q=Data+Engineer&htidocid=Wb1Z5KM4fY-euy0RAAAAAA%3D%3D&hl=en-US&shndl=37&shmd=H4sIAAAAAAAA_xWOPQrCQBBGsc0RrKYSlZiIYKOVUYk_CN5AJsmwuxpnws6GxHt5QCN8vOa94ou-o-hywIBwZOOYyEPngoX7J1hhiDNnqr-dwK7TRd7yE3l6us1gARcpQAl9aWEocxFT03hrQ2h0k6aqdWI0YHBlUso7FaZC-vQphf7xUIuemhoDPVbrZZ80bOazvVTkNfPoGIZlaLBufRvDFT0PN14Yw5krhz9212bRtwAAAA&shmds=v1_AUFQtOOK4gPudu7b8CPOXpizvBCxOm-lp2BrrVeufPLwXFYLPw&source=sh/x/job/li/m1/1#fpstate=tldetail&htivrt=jobs&htiq=Data+Engineer&htidocid=Wb1Z5KM4fY-euy0RAAAAAA%3D%3D,N/A
Global Facilities Data Engineer,1840 Micron Tech. OP India LLP,India,Our vision is to transform how the world uses information to enrich life for all. Micron Technology ...,https://www.google.com/search?ibp=htl;jobs&q=Data+Engineer&htidocid=6Kfe9feATZWgyoK0AAAAAA%3D%3D&hl=en-US&shndl=37&shmd=H4sIAAAAAAAA_yXMsQrCMBCAYVz7CE63CYJJFRXRVS1KxQ7ucolHchJzJcnQp_FZVVx--Ja_eo-qdRPEYIAjWg5cmDLssSAcouNIlGAGZzGQCZP1IBEaERdovPOl9Hmrdc5BuVywsFVWXloiGRn0U0z-5Z49JuoDFrovVvWg-uimk_lmWcOFbfoOb2S9gmsHp_hghLbtgOMfHxG2UUmhAAAA&shmds=v1_AUFQtON9dXyUBRY52Y6_tW_Q-1JrdEcTR0zdyE5uq7xUPihM3A&source=sh/x/job/li/m1/1#fpstate=tldetail&htivrt=jobs&htiq=Data+Engineer&htidocid=6Kfe9feATZWgyoK0AAAAAA%3D%3D,2/7/2025
Principal â€“ Software Engineering - Data Engineer/DBA,Fidelity Business Services India Private Limited,India,Job Description: Job Title â€“ Principal â€“ Software Engineering Database Administration A value focuse...,https://www.google.com/search?ibp=htl;jobs&q=Data+Engineer&htidocid=inlX7U8GJye12kPTAAAAAA%3D%3D&hl=en-US&shndl=37&shmd=H4sIAAAAAAAA_z2OOwoCQRBEMfUIRh0L7ohgoEaKHxQFwQPI7Gw72zJOL9vtL_MOHsp7eBJHBJMKXlG8ar4azc22puiosgHejyfs-KBXWyPMoqeImEoPHZhatX9kppNxYivOQdDWrgSOsGD2AVujUrWSoTEiIfOiVslljk-GI-Z8M0fO5Rt7KZOlClZx3-t3b1kVfXswpwID6R0mZ0kqEdhhfSGHAstYkIV09pImsKYTKRZA8Vd8AEcbtR_KAAAA&shmds=v1_AUFQtOP-juSHihcrbA_i6H2MkjUW_LGMtyRWxz5CYckmNuUvfg&source=sh/x/job/li/m1/1#fpstate=tldetail&htivrt=jobs&htiq=Data+Engineer&htidocid=inlX7U8GJye12kPTAAAAAA%3D%3D,2/10/2025
data-engineer-14199,Siemens,"Bengaluru, Karnataka, India",No job summary available....,https://www.google.com/search?ibp=htl;jobs&q=Data+Engineer&htidocid=qMlu0yPj4YRbrxSyAAAAAA%3D%3D&hl=en-US&shndl=37&shmd=H4sIAAAAAAAA_xXOMQ6CQBBA0dhyBKupLAiwYrRAOxujlh6ADDDZXV1myM6ScA1vLDa_fT_7brJ8wIQlsfVMFMv6WDcNlPCQDpQw9g6E4SZiA20vLqVJz8aohspqwuT7qpfRCFMni3lLp_-06jDSFDBRezjtl2pim-9enkZiBc9wXT0Mc5wLeGLk9eCDBdx58PgDAhXyWpQAAAA&shmds=v1_AUFQtOP5g7mO7Sq7Nm-LRD_JoAzf4Tcl_Y18-D-m80M4JIuEbw&source=sh/x/job/li/m1/1#fpstate=tldetail&htivrt=jobs&htiq=Data+Engineer&htidocid=qMlu0yPj4YRbrxSyAAAAAA%3D%3D,2/21/2025
Senior Manager - Database Engineering and Operations,United Airlines,"Gurugram, Haryana, India","Description

United's Digital Technology team designs, develops, and maintains massively scaling tec...",https://www.google.com/search?ibp=htl;jobs&q=Data+Engineer&htidocid=9QRrTuL7mKe11P-cAAAAAA%3D%3D&hl=en-US&shndl=37&shmd=H4sIAAAAAAAA_xWOuwrCQBBFsc0nWE3tIyuCjVaC4guxEOswSYbNSjITZjYQv8zfc21OdTj3Zt9JdnsSB1G4I6MnhSUcMGKJRnBkH5hIA3tAruHRk2IMwpasq5RghFo1IAwnEd_SdNfE2NvWObM29xaTXeWVdE6YShndW0r7o7AGlfoWIxXrzWrMe_az-YtDpBr2Qdu0axBSd9DBK3YLOKN-0sUFXLgO-AONtlqOugAAAA&shmds=v1_AUFQtONRU83UeifKRZczASvc6CPyJ7NbHC5GNOut2A0v2l0qiQ&source=sh/x/job/li/m1/1#fpstate=tldetail&htivrt=jobs&htiq=Data+Engineer&htidocid=9QRrTuL7mKe11P-cAAAAAA%3D%3D,3/4/2025
Snowflake Data Engineer,KPI Partners,India,"About KPI Partners

KPI Partners is a 5 times Gartner recognized data, analytics, and AI consulting ...",https://www.google.com/search?ibp=htl;jobs&q=Data+Engineer&htidocid=iWvP_WCVW4Svh4bDAAAAAA%3D%3D&hl=en-US&shndl=37&shmd=H4sIAAAAAAAA_xXEsQrCMBAAUFy7uzjdLJiI4KKrItWl4AeUazyT1HhXcgf2A_xw8Q2v-S4ad2f5PAu-CE5oCGeOmYkqbOAqAyhhDQmE4SISC62OyWzSg_eqxUU1tBxckLcXpkFmP8qg_3pNWGkqaNTv9tvZTRzXy1vXQofVmKpCZmj5kfEHk8p8RocAAAA&shmds=v1_AUFQtONALN0lxP8tBJsMYo9ikjxuTp30TrEeOzvi0EN1M5HLIQ&source=sh/x/job/li/m1/1#fpstate=tldetail&htivrt=jobs&htiq=Data+Engineer&htidocid=iWvP_WCVW4Svh4bDAAAAAA%3D%3D,2/20/2025
Senior Data Engineer - SQL/Python,Talescope,"Hyderabad, Telangana, India","Technical knowledge :

- AWS, Python, SQL, S3, EC2, Glue, Athena, Lambda, DynamoDB, RedShift, Step F...",https://www.google.com/search?ibp=htl;jobs&q=Data+Engineer&htidocid=gcHNgHm9Ry5CoCPVAAAAAA%3D%3D&hl=en-US&shndl=37&shmd=H4sIAAAAAAAA_xXHvQrCMBAAYFz7CE43itRGBEF0VfzBQWn3ckmPJBLvQpLBPo5val0--KrvrNq1xF4SHLEgnNh6JkqwgvZ5V4-xOOEpN9GQCZNxMP0sYgPND66UmPdK5RwamwsWbxojbyVMWj7qJTr_6bPDRDFgoX6zXX-ayHa56DBQNhIJPMNlHCihxqGGjgKyRcYarjx4_AGmqptgpAAAAA&shmds=v1_AUFQtOPWnh-o2BPkkPVtZkdjw-zaJGRmK93Dpc2F9lvaSh4urA&source=sh/x/job/li/m1/1#fpstate=tldetail&htivrt=jobs&htiq=Data+Engineer&htidocid=gcHNgHm9Ry5CoCPVAAAAAA%3D%3D,N/A
"Senior Software Engineer, Data",Roku,"Bengaluru, Karnataka, India","Teamwork makes the stream work.Roku is changing how the world watches TV

Roku is the #1 TV streamin...",https://www.google.com/search?ibp=htl;jobs&q=Data+Engineer&htidocid=L0kUEmaAbe9mwT8-AAAAAA%3D%3D&hl=en-US&shndl=37&shmd=H4sIAAAAAAAA_xXNMQ6CQBBA0dhyBKtJ7AyyxoRGO6MxaicHMAOOy8o6Q3aGyFW8rdj88v3sO8vKijhIgkqe9sFEcGQfmCjlcEBDWMFFalDC1LQgDCcRH2m-a8163TqnGguvhhaaopG3E6ZaRveSWv-5azuhfUSj-6Zcj0XPfrm4STdAYNgTe4xDGnK4YuLp12EOZ34E_AHl5bdPnAAAAA&shmds=v1_AUFQtOOcYMI2RGPrCeSss4xqgLKkTvG_tV1o8D5t1Av93KYFQA&source=sh/x/job/li/m1/1#fpstate=tldetail&htivrt=jobs&htiq=Data+Engineer&htidocid=L0kUEmaAbe9mwT8-AAAAAA%3D%3D,2/19/2025
Associate III - Data Engineering - Senior Data Engineer,UST Global,"Thiruvananthapuram, Kerala, India","3 - 5 Years

1 Opening

Trivandrum

Role description

Job Title: Data Engineer

Hiring Location: Ban...",https://www.google.com/search?ibp=htl;jobs&q=Data+Engineer&htidocid=HmeNN7msAPgJddeeAAAAAA%3D%3D&hl=en-US&shndl=37&shmd=H4sIAAAAAAAA_1WNMQrCQBAAsc0TrLaWmBPBRitBCVGwSazDJi53J5fdcHsRX-fbjKXNFDPFZJ9FdjuqSu8xEVRVBWs4YUI4s_VMFD3bWdXEXuJ_mfVFOlDC2DsQhlLEBloeXEqj7o1RDYXVhMn3RS-DEaZO3uYpnf7QqsNIY5jH7Xa3eRcj25W51w2UQToM4Bka5-P0QkZODscp4pDDlSIGzKHih8cvA2FoR8EAAAA&shmds=v1_AUFQtONxHepqY1zIy2oESzKUHl8okASkMR0yCH6QNKdlK2vEyA&source=sh/x/job/li/m1/1#fpstate=tldetail&htivrt=jobs&htiq=Data+Engineer&htidocid=HmeNN7msAPgJddeeAAAAAA%3D%3D,2/26/2025
"Data Engineer II, Amazon Last Mile",ADCI HYD 13 SEZ - H84,"Telangana, India","â€¢ 3+ years of data engineering experience
â€¢ Experience with data modeling, warehousing and building ...",https://www.google.com/search?ibp=htl;jobs&q=Data+Engineer&htidocid=GCVH5M4yl719qsZQAAAAAA%3D%3D&hl=en-US&shndl=37&shmd=H4sIAAAAAAAA_xXNuw6CQBBA0djyCVbTapD1mfioiBDBaKWNNmTAybJmmSHsFsTf8UfF5januMF3FOwS9Agpa8NEHeR5CHGDH2G4oPNwNZZgBmcpwRF2VQ2DnES0pfGh9r51e6Wcs5F2Hr2pokoaJUyl9OotpfuncDV21Fr0VCw38z5qWU8ncXLMIXsksFjBLX0Ok2y7BsNwJ4uskTGEnF8Gf2HD0tqmAAAA&shmds=v1_AUFQtOOaHaRrikwMIz_aehC4zsTqK6ou5g8cUGS4BL9_cL97bQ&source=sh/x/job/li/m1/1#fpstate=tldetail&htivrt=jobs&htiq=Data+Engineer&htidocid=GCVH5M4yl719qsZQAAAAAA%3D%3D,N/A
Business Title Data Engineer,Equifax,"Thiruvananthapuram, Kerala, India","Equifax is where you can power your possible. If you want to achieve your true potential, chart new ...",https://www.google.com/search?ibp=htl;jobs&q=Data+Engineer&htidocid=bkiPpo3-MgjdAf0lAAAAAA%3D%3D&hl=en-US&shndl=37&shmd=H4sIAAAAAAAA_xXIMQ7CMAwAQLH2CUyeUWkQiAU2RIWAtTtyi0mCUifEDupzeCqw3HDVZ1ZtDkU8kwh0XgPBERWhZfs7yrCES-xBCPPgIDKcYrSB5nunmmRnjEhorCiqH5ohjiYy9XEyz9jLn5s4zJQCKt3W29XUJLaLun0V_8AJPEPnfC5vZGR1mErGsYYrZQxYw5nvHr8GWaGfowAAAA&shmds=v1_AUFQtOPdSqdBwneJZjfiZW6CmykJI04JPHiMDGxnLL23V5eOGw&source=sh/x/job/li/m1/1#fpstate=tldetail&htivrt=jobs&htiq=Data+Engineer&htidocid=bkiPpo3-MgjdAf0lAAAAAA%3D%3D,3/4/2025
"Python, PL/SQL, Perl, C - Sr. Data Engineer",Exusia,"Pune, Maharashtra, India","Department: Sales and Delivery Team - Empower

Industry: Information Technology & Services, Computer...",https://www.google.com/search?ibp=htl;jobs&q=Data+Engineer&htidocid=nvccq3tFpbcwZLHMAAAAAA%3D%3D&hl=en-US&shndl=37&shmd=H4sIAAAAAAAA_xWKQQrCMBAA8doneFo8SmxE8KI3tYhSodIHyLYuTSTulmwK9UH-03qZgWGy7yw7VJ_khA1Upa3v5WSKwcARVlDHHE6YEAruPBPFqV2lASWMrQNhOIt0geZ7l1KvO2tVQ95pwuTbvJW3FaZGRvuSRv94qMNIfcBEj812PeY9d8tFMQ7qETxDNTAZuOF0oboU0cCFnx5_-ByGDqgAAAA&shmds=v1_AUFQtOPrQkkPnfw4sSGleoAYQyYZTJS9x4VLLkF3L_puVP44zQ&source=sh/x/job/li/m1/1#fpstate=tldetail&htivrt=jobs&htiq=Data+Engineer&htidocid=nvccq3tFpbcwZLHMAAAAAA%3D%3D,3/1/2025
Senior Data Engineer & Analyst,Hewlett Packard Enterprise,"Bengaluru, Karnataka, India",Welcome to Hewlett Packard Enterprise! We are currently seeking a highly skilled and experienced Sen...,https://www.google.com/search?ibp=htl;jobs&q=Data+Engineer&htidocid=CwCuW2qIuoRPRgyQAAAAAA%3D%3D&hl=en-US&shndl=37&shmd=H4sIAAAAAAAA_xXOvQrCUAxAYVz7CE6ZHERbERzUSVH8WwQfQNI23F69JiWJWJ_KV1SXs34n-_Sy2YU4isIGHWHLITKRwgBWjOltDmM4SglGqFUDwrATCYn6y8a9tUVRmKU8mKPHKq_kUQhTKV1xk9L-uVqDSm1Cp-t0NunylsNwvqdXInc4Y3VHrX-uk7YajSAyrIkDpqc-R3BC5d_YHUdw4DriF59vGgKyAAAA&shmds=v1_AUFQtOOOtxkLKs6fizFYZqz7zyfeRQnE5X9v1N8UTTzHkhUVDA&source=sh/x/job/li/m1/1#fpstate=tldetail&htivrt=jobs&htiq=Data+Engineer&htidocid=CwCuW2qIuoRPRgyQAAAAAA%3D%3D,N/A
Tredence Analytics Solutions - Senior Data Engineer - Google Cloud Platform,Tredence Analytics Solutions,"Pune, Maharashtra, India","Job Description

Job Title : Senior GCP Data Engineer

Skills required : GCP, GCS, Dataproc, Airflow...",https://www.google.com/search?ibp=htl;jobs&q=Data+Engineer&htidocid=0gauPAJaGxUgWWHsAAAAAA%3D%3D&hl=en-US&shndl=37&shmd=H4sIAAAAAAAA_32OPQrCQBCFsc0RrKaWmBVBEK1ERRSEQOxlkozJymYm7GwgntXLuIK1zSs-3l_yniTlzVNNXBHsGN0r2EqhEDcEK6wwh4LYiocDBoQjN5aJfMQnkcYR7J0MNeQOw0N8F_lFSlBCX7Ug_HNNt20IvW6MUXVZowHjSlZJZ4SplNE8pdSv3LVFT31so_tytRiznpvZ-u9By5APTClcMWZR2-AxhTPXFj8E2qe_3gAAAA&shmds=v1_AUFQtOMWE3qFQFwW1x-yOo5kavI4S-IZ9un9f-UoldIBEgjEbQ&source=sh/x/job/li/m1/1#fpstate=tldetail&htivrt=jobs&htiq=Data+Engineer&htidocid=0gauPAJaGxUgWWHsAAAAAA%3D%3D,2/11/2025
Sr Engineer- MLOps,Target India,"Bengaluru, Karnataka, India","About us:

As a Fortune 50 company with more than 400,000 team members worldwide, Target is an iconi...",https://www.google.com/search?ibp=htl;jobs&q=Data+Engineer&htidocid=F0XIXIO2ulgX-eOEAAAAAA%3D%3D&hl=en-US&shndl=37&shmd=H4sIAAAAAAAA_yXJvQrCQAwAYFz7CE5Z1bYngotugoh_OOguaQ3X0zM5kiv0RXxfEZdv-YrPqJhcFbbsAxNpBefTJRlUcJAGjFDbDoRhJ-IjjdddzslWzpnF2lvGHNq6lbcTpkYG95TGftytQ6UUMdN9sZwPdWI_nd1QPWXY8yMgBIYNscfYa1_CEZUx4wvLf38BqxH8DZgAAAA&shmds=v1_AUFQtOOWLbmK7m26YlG-9tRkHiq3d1kCJbyV1wAjyYLdYQiIww&source=sh/x/job/li/m1/1#fpstate=tldetail&htivrt=jobs&htiq=Data+Engineer&htidocid=F0XIXIO2ulgX-eOEAAAAAA%3D%3D,N/A
data-engineer-13373,Visa,"Bengaluru, Karnataka, India",No job summary available....,https://www.google.com/search?ibp=htl;jobs&q=Data+Engineer&htidocid=Jp8mHI5V0K7CSFK3AAAAAA%3D%3D&hl=en-US&shndl=37&shmd=H4sIAAAAAAAA_xXNsQrCMBAAUFz7CU4HbqVp1CKCbi6i7q7l2h5JNN6VXAr9Cr_Zurz1Fd9VUQ6Y0RC7wETJ7Jrm2ICBu3SghKn3IAxXERdpffY5j3qyVjXWTjPm0Ne9fKwwdTLbl3T6p1WPicaImdr9YTvXI7ty8wyKEBguS4ZxSlMFD0y89G-s4MZDwB84aWm_kQAAAA&shmds=v1_AUFQtOOX7Doi_-mkVB8pLZuh5Mr1EH-kRrJlGJh8ERoy20Z-mw&source=sh/x/job/li/m1/1#fpstate=tldetail&htivrt=jobs&htiq=Data+Engineer&htidocid=Jp8mHI5V0K7CSFK3AAAAAA%3D%3D,2/25/2025
Data Engineer III,PDI Technologies,"Chennai, Tamil Nadu, India","At PDI Technologies, we empower some of the world's leading convenience retail and petroleum brands ...",https://www.google.com/search?ibp=htl;jobs&q=Data+Engineer&htidocid=raxsCrd44OU8T-zHAAAAAA%3D%3D&hl=en-US&shndl=37&shmd=H4sIAAAAAAAA_xXEsQrCMBAAUFz7CU43itREBBcdW5E4iEP3ck2PJJLelV6E_om_K77hVd9NtWuxINw4JCZawDkHB3jIAEq4-AjCcBcJmbbXWMqsF2tVswlasCRvvExWmAZZ7VsG_ddrxIXmjIX60_m4mpnD3rxaBx35yJIlJFJIDE0kZkw1dDilDE8cPzU4HhP-AImGkLOaAAAA&shmds=v1_AUFQtONASqh9PeEbATiAmcwSSYVfABA-8Ap6ltF64L2vLx46lg&source=sh/x/job/li/m1/1#fpstate=tldetail&htivrt=jobs&htiq=Data+Engineer&htidocid=raxsCrd44OU8T-zHAAAAAA%3D%3D,N/A
Data Engineer,RPASoft,"Karnataka, India","Job Title

Data Engineer

Job Description

Responsibilities:
â€¢ Keep up to date with technology and b...",https://www.google.com/search?ibp=htl;jobs&q=Data+Engineer&htidocid=W9WY-f-L4VEIF2pEAAAAAA%3D%3D&hl=en-US&shndl=37&shmd=H4sIAAAAAAAA_xXNsQ4BQRAA0GjvE2imUAm7ItFQSYigET7gMnvm9pY1c9mZ4kqfjua1r_qMqukeDeHAMTFRgQWcJYASlqYDYTiKxEzjbWfW68Z71eyiGlpqXCNvL0xBBv-UoH9q7bBQn9GoXq2Xg-s5zia36-4urUFiuGDhX_jCOZz4kfALscWhl4MAAAA&shmds=v1_AUFQtOMhUbWT8OE8BKxDDZdfqooI8zW6Z58C48sdnzyO_hufyg&source=sh/x/job/li/m1/1#fpstate=tldetail&htivrt=jobs&htiq=Data+Engineer&htidocid=W9WY-f-L4VEIF2pEAAAAAA%3D%3D,N/A
Senior Data Analytics Engineer,PTSI Prudential Technology and Services India Private Limited,"Bengaluru, Karnataka, India",Prudentialâ€™s purpose is to be partners for every life and protectors for every future. Our purpose e...,https://www.google.com/search?ibp=htl;jobs&q=Data+Engineer&htidocid=adyH5NeDaDAl2QmZAAAAAA%3D%3D&hl=en-US&shndl=37&shmd=H4sIAAAAAAAA_yWOMWsCQRBGSetPSPXVwdxJwCapIhFRUwhnGZC5vWFv4jpz7OyJ_s38olxI86r34M1-HmbLhlUs44MK4V0p3YsEx1qjKHPGM3bWwply6GGKjVlM_PjWlzL4a127pyp6oamqgl1qU27tVn9b6384eU-Zh0SFTy_Lxa0aND59HY7NFoc8dqxFKOHIoVdLFu8g7dBwvkpgx1Y7oUmU69TjUy5SuIMoVqyR0pjHOfaUdXo_0_xf_wWxNjCe1QAAAA&shmds=v1_AUFQtOOkHKDvsoprPPxLKSpTvt8LE1JWDiYlq1EeN0VJe7rv3g&source=sh/x/job/li/m1/1#fpstate=tldetail&htivrt=jobs&htiq=Data+Engineer&htidocid=adyH5NeDaDAl2QmZAAAAAA%3D%3D,N/A
"Technical Program Manager, Data Analytics",Google,"Bengaluru, Karnataka, India","Technical Program Manager for Data Analytics at Google Cloud, leading complex projects and driving d...",https://www.google.com/search?ibp=htl;jobs&q=Data+Engineer&htidocid=LPrcumhkytya1rvKAAAAAA%3D%3D&hl=en-US&shndl=37&shmd=H4sIAAAAAAAA_yWNsQrCMBBAce0nON3iIrURwUUXFUFUBAf3co1HEk3vSi5C_SG_04rLmx7vFZ9RsbmR9RwsRrgmcQlbuCCjo1TCHjPCljG-c7AKMzhJA0qYrAdhOIi4SOO1z7nTlTGqsXKacZArK60RpkZ685BGf6jVY6IuYqZ6sZz3VcduOvlHIDDsiB3GV3qVcMbEw_uJJRz5HvALLdUCv6kAAAA&shmds=v1_AUFQtOPGq0Z1eB0Lpsvt8knUxw6td0nhvgf_fYU2zmOMSigiag&source=sh/x/job/li/m1/1#fpstate=tldetail&htivrt=jobs&htiq=Data+Engineer&htidocid=LPrcumhkytya1rvKAAAAAA%3D%3D,N/A
"Data Engineering - Platform | Bengaluru, India",Degreed,"Bengaluru, Karnataka, India",Degreed is the upskilling platform that fuels growth and innovation through lifelong learning. We br...,https://www.google.com/search?ibp=htl;jobs&q=Data+Engineer&htidocid=2fEiqRyHcbie9LmEAAAAAA%3D%3D&hl=en-US&shndl=37&shmd=H4sIAAAAAAAA_03OMQrCQBCFYWxzBKupLER3RbDRThJEbbxBmCTjZHUzE3Y3kMIjeUgjWNi85i--l71nWZFjQiiEnRAFJwxruHlMdw0dvOBIwuiHMKzgLI3DqV60gkgY6hZU4KTKnuaHNqU-7q2N0RuOCZOrTa2dVaFKR_vQKn6njC0G6ieAyu1uM5peeLnIiQNRA07-wSsGmc498Wd_ADMlKiKvAAAA&shmds=v1_AUFQtOM1nDnYTPSvpNYhJbahopluwUThnpdzmaPQIbUk1AN41w&source=sh/x/job/li/m1/1#fpstate=tldetail&htivrt=jobs&htiq=Data+Engineer&htidocid=2fEiqRyHcbie9LmEAAAAAA%3D%3D,2/19/2025
Software Engineer I - Data Engineer (BI),Uplight,"Maharashtra, India","The Position

We are seeking a seasoned engineer with a passion for changing the way millions of peo...",https://www.google.com/search?ibp=htl;jobs&q=Data+Engineer&htidocid=YoU2AE2qscVjCdbsAAAAAA%3D%3D&hl=en-US&shndl=37&shmd=H4sIAAAAAAAA_0WNsQrCMBBAce0nCMKNKtqI4KKDIIpUcBLncm1jEol3IXdgf8Z_tU4ub3g8eMVnVOxv_NA3ZgsncoGszVDBEo6o-DfTQzUb5IUbEIu59cAEZ2YX7XjnVZNsjRGJpRNFDW3Z8ssw2YZ78-RGfqjFD5cUUW293qz6MpGbT-4pBucVAsEVhwDFa8YFVNQF_AL9Keh_oAAAAA&shmds=v1_AUFQtOO0ze7EDAMTdFBzQmqXkGGGJ52jmI6n6yMxC465EmyT_A&source=sh/x/job/li/m1/1#fpstate=tldetail&htivrt=jobs&htiq=Data+Engineer&htidocid=YoU2AE2qscVjCdbsAAAAAA%3D%3D,N/A
AI Data Engineer,NTT DATA North America,India,"Job Title: Data Science & AIML, GenAI Lead/Engineer

Key Responsibilities:
â€¢ Develop and implement t...",https://www.google.com/search?ibp=htl;jobs&q=Data+Engineer&htidocid=89TZnLg_pL1gqFEfAAAAAA%3D%3D&hl=en-US&shndl=37&shmd=H4sIAAAAAAAA_xXEsQrCMBAAUFz7CS7eJgg2IrjoFKhIHTp1L9d4JCntXcnd0D_wt8U3vOq7q46-hQYN4ckxM1GBM7xlBCUsIYEwvETiTPtHMlv17pzqXEc1tBzqIIsTplE2N8mo_wZNWGid0Wi43i5bvXI8Hbq-h8b3HjoplsAvVHJAyAwtfzL-AJ_NTACKAAAA&shmds=v1_AUFQtONHUWzbGXDEnmaIwjSAKLf97eIb5ALnVHHsX435Nu5tXw&source=sh/x/job/li/m1/1#fpstate=tldetail&htivrt=jobs&htiq=Data+Engineer&htidocid=89TZnLg_pL1gqFEfAAAAAA%3D%3D,2/4/2025
Senior Lead Engineer - Investment Data Platform,M&G Global Services,"Mumbai, Maharashtra, India","We are M&G Global Services Private Limited (formerly known as 10FA India Private Limited, and prior ...",https://www.google.com/search?ibp=htl;jobs&q=Data+Engineer&htidocid=2WLR-BWiRsb2FeOmAAAAAA%3D%3D&hl=en-US&shndl=37&shmd=H4sIAAAAAAAA_xWOMQrCQBBFsc0RrKaykJioYKOtGhQDggeQ2WRMVjYzYWcMOZrHMza_ebzHT76z5Pwg9hLhRljDiRvPRBFWcOGB1DpigyMawj2gvSR2E7qKAyWMVQvCUIg0geaH1qzXfZ6rhqxRQ_NVVkmXC5OTMX-L0_88tcVI_VSj53a3HrOem-WmXBRQBHEY4EFx8BUpeIby0zn0KZQ4SaitRUynZ7XHH5dMqfC7AAAA&shmds=v1_AUFQtOOxQ5BQMdue7sRKoAFPtWA2C_o5AwiFuw6QRosHhDTh1A&source=sh/x/job/li/m1/1#fpstate=tldetail&htivrt=jobs&htiq=Data+Engineer&htidocid=2WLR-BWiRsb2FeOmAAAAAA%3D%3D,2/21/2025
Data Engineering,Hitachi Energy,"Chennai, Tamil Nadu, India",Business Information: The Hitachi Energy Indian Operations Center (INOPC) is a competence center wit...,https://www.google.com/search?ibp=htl;jobs&q=Data+Engineer&htidocid=BzhAhurvvydMySQxAAAAAA%3D%3D&hl=en-US&shndl=37&shmd=H4sIAAAAAAAA_xXNvQrCMBAAYFz7CE63CVIbEVx0VPFncHIv1_RITtK7kotQ38MHVpdv_arPrFocsSCcJLAQZZYAK7hpB0aYfQQVOKuGRPN9LGW0nXNmqQlWsLBvvA5OhTqd3FM7-9NaxExjwkLtZruemlHCsr5wQR_5F1EOb2CBQyQR5BoeOHCCO_avGq7SM34BYl3A15cAAAA&shmds=v1_AUFQtOMFxtVbk56PULe1yvX6xa0dZsaXw67KyiBV8cBjhHXPxQ&source=sh/x/job/li/m1/1#fpstate=tldetail&htivrt=jobs&htiq=Data+Engineer&htidocid=BzhAhurvvydMySQxAAAAAA%3D%3D,N/A
Altimetrik - Cloud Data Engineer - AWS/Python,Altimetrik India,"Hyderabad, Telangana, India","Location : Job Type : Full-Time

Skills
â€¢ Primary : Databricks, Python, AWS.
â€¢ Secondary : Snowflake...",https://www.google.com/search?ibp=htl;jobs&q=Data+Engineer&htidocid=D7jOkvVEA5eENXMjAAAAAA%3D%3D&hl=en-US&shndl=37&shmd=H4sIAAAAAAAA_02OuwrCQBBFsc0nWE0tMSuCjVZixEclKFiGSTJsVjczYXeE5L_8QCM2NgfOuc1N3pMk33p1LWlwT5jDzsurhhwVYc_WMVEY6_Z-NZdBG-FRzlJCJAxVA6MfRKyn6aZR7eLamBh9ZqOiuiqrpDXCVEpvHlLGL4rYYKDOo1KxXC36rGM7M38XTlw7BMdwHGoKWGKdwo08skXG9Dd_AE_osh-3AAAA&shmds=v1_AUFQtOMIZ3p7R-D7Zf7H3gjV5JvQ4N-hlslS_AOfnxqg2rW-aA&source=sh/x/job/li/m1/1#fpstate=tldetail&htivrt=jobs&htiq=Data+Engineer&htidocid=D7jOkvVEA5eENXMjAAAAAA%3D%3D,N/A
"Engineer, Data Engineering",Azira,"Karnataka, India","Description

You will be joining Azira, a global Consumer Insights platform, helping marketing and o...",https://www.google.com/search?ibp=htl;jobs&q=Data+Engineer&htidocid=AnuJz1DSiwP2i1HMAAAAAA%3D%3D&hl=en-US&shndl=37&shmd=H4sIAAAAAAAA_zXNMQoCMRBAUWz3BlpNLWuigo1WgiLqIZZJHJJonAmZFItX8NJqYfPhVb97T7rVkUNiotrDARvCn4kDLOAiDpSw-gjCcBIJmWa72FrRrbWq2QRt2JI3Xp5WmJyM9i5Ofxk0YqWSsdGw3ixHUzjMp_tXqgiJ4YqVv8cH9nDmW8IPRecnao4AAAA&shmds=v1_AUFQtOPZ3MM430ymw0H1daaqrJgZihnxrNyWpgXVjzsdRKXV0w&source=sh/x/job/li/m1/1#fpstate=tldetail&htivrt=jobs&htiq=Data+Engineer&htidocid=AnuJz1DSiwP2i1HMAAAAAA%3D%3D,3/3/2025
Data Engineer - Engg,GEP Worldwide,"Secunderabad, Telangana, India","What you will do
â€¢ Design, develop, and maintain robust data pipelines and ETL processes to support ...",https://www.google.com/search?ibp=htl;jobs&q=Data+Engineer&htidocid=NZj7yJmGbHCx3H1bAAAAAA%3D%3D&hl=en-US&shndl=37&shmd=H4sIAAAAAAAA_xXGsQrCMBCAYVz7CE43a21EcNHVUnQSFBzLJTnSSLwruYh9F19Wu_zfX30X1fqEBaHlEJkow2be8OciFpQwuwGEoRMJiZbHoZRRD8aopiZowRJd4-RlhMnKZJ5idU6vA2YaExbqd_vt1IwcVqZrr_CQnPwneoLIcCP3Zk8ZLfoa7pSQAzLWcGYf8Qec9rZ0ngAAAA&shmds=v1_AUFQtONJWlCN_fecgL8AK6G83xmj1f_AbCdNo7HPjSzVJmwk-A&source=sh/x/job/li/m1/1#fpstate=tldetail&htivrt=jobs&htiq=Data+Engineer&htidocid=NZj7yJmGbHCx3H1bAAAAAA%3D%3D,N/A
Statistical Analytics Engineer (F/M/D),Freudenberg Group,"Bengaluru, Karnataka, India","Working at Freudenberg: We will wow your world!

Responsibilities:
â€¢ Performs projects in statistics...",https://www.google.com/search?ibp=htl;jobs&q=Data+Engineer&htidocid=HgCbXO7ZaBnOdrVPAAAAAA%3D%3D&hl=en-US&shndl=37&shmd=H4sIAAAAAAAA_xXMMQrCQBBAUWxzBKspVWI2CDaKhaIJKlYeIEySYbO6zoSdDcRLeUa1-bzqJ59JsrtHjE6ja9DDntG_f1Q4sXVMFGBWmJs5zmEJF6lBCUPTgTCUItbTdNvF2OvGGFWfWf2_mqyRlxGmWkbzkFr_qbTDQL3HSNVqnY9Zz3aRF4GGlrimYKEMMvTgGA7EFv0QhhSuGBgjPjGFM7cOv3UVbFmxAAAA&shmds=v1_AUFQtONVFVeiK7A_OJy4G9NxkQVEHM6N1Ypu5qI4gn_4JXDbxA&source=sh/x/job/li/m1/1#fpstate=tldetail&htivrt=jobs&htiq=Data+Engineer&htidocid=HgCbXO7ZaBnOdrVPAAAAAA%3D%3D,2/24/2025
Data Engineer - AWS Services,SheThink Pvt. Ltd.,"Kolkata, West Bengal, India","Role: AWS Data Engineer.

Good To Have Skills: AWS Certifications.

Must Have Skills: Client Managem...",https://www.google.com/search?ibp=htl;jobs&q=Data+Engineer&htidocid=MlKO86KY5T2YVolEAAAAAA%3D%3D&hl=en-US&shndl=37&shmd=H4sIAAAAAAAA_xXOuwrCQBBAUWzzCVZTS9z4wEYrRREfhRAhpWySYXfNOhMyQ8gP-Z_G5sLpbvKdJOujVQsncoEQO5jDvsghx64PFcrIK5cgaLvKAxOcmV3E6c6rtrLNMpFonKjVUJmKPxkTljxkby7ln5d422EbreJrtVkMpiU3W-Yenz5QA49eDdy1NhAIbhybcSWFAkXhgORsTOFCdbA_qxocIqgAAAA&shmds=v1_AUFQtOMn7y4X6uFD5NlikOOYecGhMZXLTSW0U79UizO6wmUvYg&source=sh/x/job/li/m1/1#fpstate=tldetail&htivrt=jobs&htiq=Data+Engineer&htidocid=MlKO86KY5T2YVolEAAAAAA%3D%3D,3/2/2025
Snowflake Developer/Snowflake Data Engineer(8-13),Covenant Consultants,"Kolkata, West Bengal, India","Required skills - Snowflake ,Data warehouse,SQL

Role Overview:

As a Snowflake Data Engineer , you ...",https://www.google.com/search?ibp=htl;jobs&q=Data+Engineer&htidocid=eGKlMWMSqjYtocqkAAAAAA%3D%3D&hl=en-US&shndl=37&shmd=H4sIAAAAAAAA_02OOQ7CQAwARcsTqFwCSrJAhISg4xBXSUEZOcFsAosdxeZ4HI8DOprRaKppv1vtzYHleQ54JVjSg4LU1Li_hoawYl8xUdOdxMO0BzHsJAclbIoShGEt4gN1ZqVZrVPnVEPi1dCqIink5oQpl5e7SK4_ZFpiQ3VAo2w0HrySmn0_XciDGNlgIaz3YF9VqBj2Eq7fhwiOpAZzYo8hgi2fKvwApwULh78AAAA&shmds=v1_AUFQtOOVl5WmBDdP-Lt4-ha6-R0e0x53KO4dlo7a3Sn6YJ3ofA&source=sh/x/job/li/m1/1#fpstate=tldetail&htivrt=jobs&htiq=Data+Engineer&htidocid=eGKlMWMSqjYtocqkAAAAAA%3D%3D,N/A
"Data Engineer , Amazon Music DISCO",ADCI - Karnataka,"Bengaluru, Karnataka, India","- 3+ years of data engineering experience

Amazon Music is an immersive audio entertainment service ...",https://www.google.com/search?ibp=htl;jobs&q=Data+Engineer&htidocid=G8-_-wIb2MXUhZKTAAAAAA%3D%3D&hl=en-US&shndl=37&shmd=H4sIAAAAAAAA_0WOMQrCQBBFsc0RrKaWmBXBQq1iIhJFLDxAmKzDZnUzE3Y3ELyRtzRWNr94Dx4_-cySbYkR4cjGMpGHFPIO38JwHYLVUFb34gZLOEsDgdDrFiZ3EjGO5vs2xj7slArBZSZEjFZnWjolTI2M6ilN-E0dWvTUO4xUrzerMevZLFReFtVUvqDn6cELwTIciA26wQ_pn6dQ8cPiF1Qkv1OsAAAA&shmds=v1_AUFQtOM3whYY8A_Wr46C1hfHzFSArQN7GgAuY55CwK3xIVvAXQ&source=sh/x/job/li/m1/1#fpstate=tldetail&htivrt=jobs&htiq=Data+Engineer&htidocid=G8-_-wIb2MXUhZKTAAAAAA%3D%3D,2/6/2025
Data Engineer III,Zinnia,"Pune, Maharashtra, India","WHO WE ARE:

Zinnia is the leading technology platform for accelerating life and annuities growth. W...",https://www.google.com/search?ibp=htl;jobs&q=Data+Engineer&htidocid=hpBkorVmowKdyip5AAAAAA%3D%3D&hl=en-US&shndl=37&shmd=H4sIAAAAAAAA_xXKsQrCMBAAUFz7CU6Hk0htRHDRVZEIgrNLucQjidS7kjuh_-BPq8ubXvOZNcsjGsKJU2GiCt57WMNFAihhjRmE4SySBpofstmoe-dUhy6poZXYRXk5YQoyuacE_dNrxkrjgEb9dreZupHTanEvzAWhMNzeTC1c8bdQs1VswfOj4BfinTGkjgAAAA&shmds=v1_AUFQtOOji2OSo8RdAbTZI54Fp0h-ZAFu4NauRm_K8V3YRHAiqQ&source=sh/x/job/li/m1/1#fpstate=tldetail&htivrt=jobs&htiq=Data+Engineer&htidocid=hpBkorVmowKdyip5AAAAAA%3D%3D,2/17/2025
Consultant : Data Engineer,Confidential,"Chennai, Tamil Nadu, India","Our client, a leading chain of hospitals, is looking for independent consultants who can deliver the...",https://www.google.com/search?ibp=htl;jobs&q=Data+Engineer&htidocid=519gXhapFEYPLPMtAAAAAA%3D%3D&hl=en-US&shndl=37&shmd=H4sIAAAAAAAA_xXNMQ6CUAwA0LhyBKfOBvlq4oIjGqODkzspUPk1n5bQknAYD6sub33ZZ5XtKxWbk6M4lHBGR7hIz0I0wRbu2oARTm0EFbiq9onWp-g-WhmCWSp6c3Rui1aHoEKNLuGtjf2pLeJEY0Kn-nDcLcUo_Wbz-17ckThjAhaoIokg5_DEgRM8sJtzuEnH-AVA9AkKnwAAAA&shmds=v1_AUFQtOM3mOkAAo-fnPT6DA5RsWisvgzDfGtZAVnGDmfWmaHS9Q&source=sh/x/job/li/m1/1#fpstate=tldetail&htivrt=jobs&htiq=Data+Engineer&htidocid=519gXhapFEYPLPMtAAAAAA%3D%3D,N/A
Lead Data Engineer(Snowflake/DBT),Careers at Tide,"Delhi, India","ABOUT TIDEAt Tide, we are building a finance platform designed to save small businesses time and mon...",https://www.google.com/search?ibp=htl;jobs&q=Data+Engineer&htidocid=6vLV52Oi8uFssmbFAAAAAA%3D%3D&hl=en-US&shndl=37&shmd=H4sIAAAAAAAA_xXIsQrCMBAAUFz7CS7eqKKNCELRTSuiuNm9XNszica7kgvYT_Fz1eUNL_uMsuJK2EGJCeHI1jNRnN5Y3veATzLlvprBEi7SgBLG1oEwnERsoPHOpdTr1hjVkFtNmHybt_IywtTIYB7S6J9aHUbqAyaq15vVkPds55PD7ygqYILKdwSeoaTg_ALO3Hn8AiokirSbAAAA&shmds=v1_AUFQtOMZqfR81UizOknJFS6Ko92oATLYZdPWnmUEcDlJQaN0nQ&source=sh/x/job/li/m1/1#fpstate=tldetail&htivrt=jobs&htiq=Data+Engineer&htidocid=6vLV52Oi8uFssmbFAAAAAA%3D%3D,2/9/2025
Data Engineering Manager,Roblox,"Gurugram, Haryana, India","Every day, tens of millions of people come to Roblox to explore, create, play, learn, and connect wi...",https://www.google.com/search?ibp=htl;jobs&q=Data+Engineer&htidocid=4nxhkHvm6mibnxOnAAAAAA%3D%3D&hl=en-US&shndl=37&shmd=H4sIAAAAAAAA_xXNPQrCQBBAYWxzBKvBUmJWBBttFX_AxguE2ThMVjYzy84G4jU8sbF55feq76JyJywIZ-EgRDkIwwMFmTJs4K4ejDB3PajARZUjLY99KckOzpnFhq1gCV3T6eBUyOvk3urtn9Z6zJQiFmp3--3UJOH16qk-6gRh5sY8csahhivmz_ys4SavgD8WP3PHlQAAAA&shmds=v1_AUFQtOME6ZDM6DyJBwaA7aQR4hF5KW5Wj-8Qp09blxAPPY-GHQ&source=sh/x/job/li/m1/1#fpstate=tldetail&htivrt=jobs&htiq=Data+Engineer&htidocid=4nxhkHvm6mibnxOnAAAAAA%3D%3D,N/A
Expert SAP BW- Data Engineer (Remote),Soltia,Anywhere,"This a Full Remote job, the offer is available from: India

Company Description

We are a consulting...",https://www.google.com/search?ibp=htl;jobs&q=Data+Engineer&htidocid=Ue15FF-bRbm11qoKAAAAAA%3D%3D&hl=en-US&shndl=37&shmd=H4sIAAAAAAAA_xXEsQrCQAwAUFy7uDtlVKE9EVzURbGITmIHx5LWcD25JsclQz_Cjxbf8IrvrDjWU6Js0JwecH6VcEFDqNkHJsqwfNIoRiso4S4dKGHuBxCGq4iPtDgMZkn3zqnGyquhhb7qZXTC1MnkPtLpv1YHzJQiGrXb3WaqEvv1vJFoASEw3Pgd8AcRxzojjwAAAA&shmds=v1_AUFQtONeP9Ii2ixsnxPyeSjcJ-OFD2RnxPk5YAnSx8LAsmMi3g&source=sh/x/job/li/m1/1#fpstate=tldetail&htivrt=jobs&htiq=Data+Engineer&htidocid=Ue15FF-bRbm11qoKAAAAAA%3D%3D,N/A
TechStar Group - Data Engineer - Python/PySpark,Techstar Group,"Chennai, Tamil Nadu, India","Bachelor's in engineering / Master's degree in Computer Science, Information Systems and preferred t...",https://www.google.com/search?ibp=htl;jobs&q=Data+Engineer&htidocid=9h46e1Cmd8jzSVgiAAAAAA%3D%3D&hl=en-US&shndl=37&shmd=H4sIAAAAAAAA_0WOuw6CQBAAY8snWG1tkDMmNlr6IFoYEujJApu7U9i93B0JfJc_qFQ2k8xUk3xWya2i1pQRPeReRgdbuGBEuLK2TOR_XszRCKtiLh369y88pIFA6FsDwpCL6J7WJxOjC0elQugzHSJG22atDEqYGpnUS5qwoA4GPbkeI9X7w27KHOtNukyE_4RlOBtiRptChYPt4YndmMKdO4tfBw0kTbYAAAA&shmds=v1_AUFQtOPF2tia8_9j5toYGX8-rLVwRykW939ywntevDiUtmfXwA&source=sh/x/job/li/m1/1#fpstate=tldetail&htivrt=jobs&htiq=Data+Engineer&htidocid=9h46e1Cmd8jzSVgiAAAAAA%3D%3D,N/A
IN Senior Associate  GCP Data Engineer  Advisory Corporate  Advisory Bangalore,PwC,India,Line of ServiceAdvisoryIndustry/SectorNot ApplicableSpecialismSAPManagement LevelSenior AssociateJob...,https://www.google.com/search?ibp=htl;jobs&q=Data+Engineer&htidocid=uMAp0G-Q2sBMcMXkAAAAAA%3D%3D&hl=en-US&shndl=37&shmd=H4sIAAAAAAAA_z2MOwrCQBBAsQ2ewGpqwawINlpplBALCXiAMEmGzco6s-wsGq_lCf0UNq94PF72mmRUneFC7CTCTlU6h4kAyqKGAyaEI1vHRBFg19-dSnxCITFI_GV_t0e26CUSLOAkLShh7AYQhlLEeppth5SCboxR9bnVhMl1eSc3I0ytjOYqrX7R6ICRgv_sm9V6OeaB7XxaPwpwDBX3Dt8X5J96tQAAAA&shmds=v1_AUFQtOOljxmL3GIsfJAVyPZiEdpokLRZ7PVz6IAzIGqsWRNs1Q&source=sh/x/job/li/m1/1#fpstate=tldetail&htivrt=jobs&htiq=Data+Engineer&htidocid=uMAp0G-Q2sBMcMXkAAAAAA%3D%3D,2/8/2025
Data Engineer at Blackstraw AI,Blackstraw AI,"Chennai, Tamil Nadu, India","Blackstraw AI is hiring with Peerlist for a Full-time Data Engineer. Required skills: Hive,spark,Had...",https://www.google.com/search?ibp=htl;jobs&q=Data+Engineer&htidocid=K80oPQXI73IVt5sBAAAAAA%3D%3D&hl=en-US&shndl=37&shmd=H4sIAAAAAAAA_1XNOw7CMAwAULH2CEyeoTQIqQtM_ITKwMReuamVBFK7SozodbgpYmR56ys-s6I-oSKc2QUmSoAKh4j2mTXhG_YNrOAqHWTCZD0Iw0XERZrvvOqYt8bkHCuXFTXYyspghKmTyTykyz_a7DHRGFGp3dTrqRrZLZb_RWA4emLGUMIdhxDhhv2rhIb7gF9z075wpAAAAA&shmds=v1_AUFQtOMaiseDKvM7I1gDi3Ri4gKwt9UOwdA3PN7uHOS5u5aTdQ&source=sh/x/job/li/m1/1#fpstate=tldetail&htivrt=jobs&htiq=Data+Engineer&htidocid=K80oPQXI73IVt5sBAAAAAA%3D%3D,N/A
Manager-Data/AI Engineering,AT&T,"Secunderabad, Telangana, India","Job Description:

AT&T is one of the leading service providers in the telecommunication sector and p...",https://www.google.com/search?ibp=htl;jobs&q=Data+Engineer&htidocid=c_SXEILqN4m3OjPRAAAAAA%3D%3D&hl=en-US&shndl=37&shmd=H4sIAAAAAAAA_xXOsQrCMBAAUFz7CU43dZC2kYKLTgVFKjjZvVzS4xqJdyWJ0F_xb9Xlza_4bIr2joJMsT5jRtP1cBH2QhS9MNRwUwuJMLoZVOCqyoG2pznnJR2NSSk0nDJm7xqnL6NCVlfzVJv-jGnGSEvATGN72K_NIrwru6EcwAs8yL1loogWpwoGCij8u1TQy-TxCzfMgOicAAAA&shmds=v1_AUFQtONKt6cM55iksYwb3GvjBv1w49aO9GK52fWsDv2HenXGgg&source=sh/x/job/li/m1/1#fpstate=tldetail&htivrt=jobs&htiq=Data+Engineer&htidocid=c_SXEILqN4m3OjPRAAAAAA%3D%3D,N/A
"Manager, Cloud Engineer",MSD,"Hyderabad, Telangana, India","Job Description

Manager, Cloud Engineer

The Opportunity
â€¢ Based in Hyderabad, join a global health...",https://www.google.com/search?ibp=htl;jobs&q=Data+Engineer&htidocid=OzYiuCWTqHUbeWWtAAAAAA%3D%3D&hl=en-US&shndl=37&shmd=H4sIAAAAAAAA_xXOvQrCMBAAYFz7CE6Ho9REBBcdq_gDnXQvl-ZII_Gu5CLUx_CN1eWbv-ozq0yLjIFyDU2Sl4cjh8hEGVZwFQdKmPsBhOEkEhLN90Mpo-6sVU0maMESe9PL0wqTk8k-xOmfTgfMNCYs1G2268mMHJaL9naAyHB-e8ro0Ndwp4QcfocaLuwjfgFJBx_NlAAAAA&shmds=v1_AUFQtON-taHtED1eSDnCmvIEJBWUFGXUQJuMsqTAYUhs48gzmA&source=sh/x/job/li/m1/1#fpstate=tldetail&htivrt=jobs&htiq=Data+Engineer&htidocid=OzYiuCWTqHUbeWWtAAAAAA%3D%3D,2/14/2025
Data Engineer(AWSPYSPARKSQL),ProtoGene Consulting Private Limited,"Mumbai, Maharashtra, India","Data Engineer + Integration engineer + Support specialistExp â€“ 5-8 years

Necessary Skills:Â· SQL & P...",https://www.google.com/search?ibp=htl;jobs&q=Data+Engineer&htidocid=hOFaCEyVvtA7XLssAAAAAA%3D%3D&hl=en-US&shndl=37&shmd=H4sIAAAAAAAA_xXMu4rCUBCAYbb1EbaaUkUTcbFZK2-IN4imWKxkEoeTkWQmnBnFJ_P5dJu_-vg7r6_OzxIdYSWBhSh2Z395ds6z2WmXH_c9GMJWCzDCWFagAmvVUNP3tHJv7TdNzeokmKNzmZTapCpU6DO9aWH_uViFkdoanS7jyeiZtBL68yyq65qEYKFi99pZAmSRHx8Ge27Y6QoscLg3BfIADvi5oFUecQAbuTK-AZtvayS5AAAA&shmds=v1_AUFQtONJEy8_Y5w-9mlULVv_UmFbJaWT10G-ziUGZDBINFP5KA&source=sh/x/job/li/m1/1#fpstate=tldetail&htivrt=jobs&htiq=Data+Engineer&htidocid=hOFaCEyVvtA7XLssAAAAAA%3D%3D,N/A
"Backend, Frontend and Data Engineer",Vumonic Datalabs,"Goa, India","ðŸš€ Weâ€™re Hiring! (Frontend, Backend & Data Engineers) â€“ Build, Innovate & Chill in Goa!

Love coding?...",https://www.google.com/search?ibp=htl;jobs&q=Data+Engineer&htidocid=lShuvkmjbgvlWAEvAAAAAA%3D%3D&hl=en-US&shndl=37&shmd=H4sIAAAAAAAA_x2NOw7CMBAFRZsjUKCtUYgREk3oEB_BAWijtbNyHJzdyGukXIXbklC80VTziu-qqM_o3sRtCbcknGcDnHfBjHBlH5gowQ6eYkEJk-tAGO4iPtL61OU8am2Maqy8ZszBVU4GI0xWJtOL1QWNdphojJipORz3UzWy325en0E4uP9VRKsQljCW8OA24A9L6jNInAAAAA&shmds=v1_AUFQtOO7zWc8GqOze_lVegREupLCVpIbFjZ4K8MGAXKFUE4CTw&source=sh/x/job/li/m1/1#fpstate=tldetail&htivrt=jobs&htiq=Data+Engineer&htidocid=lShuvkmjbgvlWAEvAAAAAA%3D%3D,2/11/2025
Senior Data Engineer,Growexx,"Gujarat, India","Growexx is looking for smart and passionate Senior Data Engineer, who will design and fill a bespoke...",https://www.google.com/search?ibp=htl;jobs&q=Data+Engineer&htidocid=8FFUZgee-OrNmeFuAAAAAA%3D%3D&hl=en-US&shndl=37&shmd=H4sIAAAAAAAA_xXMOw7CMAwAULH2BjB55pMgJBa6gipYOUDlFCtNVewoNiIX4N7A8sbXfBbN5k6cpMAZDeHCMTFRgR3cJIASlmEEYehE4kyrdjTLevJedXZRDS0NbpCnF6Yg1U8S9E-vIxbKMxr1h-O-usxxveyKvKlWSL_vNWFB28KVHwm_eow05IgAAAA&shmds=v1_AUFQtOOt4FDa5o67WvJejPJPxRXONzH0GWN1J8XWBidjkRdXuA&source=sh/x/job/li/m1/1#fpstate=tldetail&htivrt=jobs&htiq=Data+Engineer&htidocid=8FFUZgee-OrNmeFuAAAAAA%3D%3D,N/A
Solution Architect -Data Engineering and Analytics,Eaton,"Pune, Maharashtra, India","Job Summary

As a Solutions Architect, the candidate will be responsible for understanding requireme...",https://www.google.com/search?ibp=htl;jobs&q=Data+Engineer&htidocid=5GwuEJdqTXtOk5z4AAAAAA%3D%3D&hl=en-US&shndl=37&shmd=H4sIAAAAAAAA_xWMQQrCQAwA8doneIpXsa0IXvRUsEgFQfABJW3D7sqalCaF-iY_6XqZ08xk31XWPCXOFoShmnofjHqD_IKGULMLTDQFdoA8QMUYPxZ6hRxu0oESpgJSeRVxkdZnbzbqqSxVY-HUMMlFL-9SmDpZypd0-kerHicaIxq1h-N-KUZ2202NllaB4TEz7eCOSUL1NuEOGh4C_gDR-LWArgAAAA&shmds=v1_AUFQtOP6eJCC4KflMTnBVXr-rsMjLEqjI9htqYAOkoc4yHDMZQ&source=sh/x/job/li/m1/1#fpstate=tldetail&htivrt=jobs&htiq=Data+Engineer&htidocid=5GwuEJdqTXtOk5z4AAAAAA%3D%3D,2/18/2025
"Data Engineer - ETL, Python, SQL",UST,"Maharashtra, India","Role Description

The Position:

We are searching for a data/software engineer in ETL who can implem...",https://www.google.com/search?ibp=htl;jobs&q=Data+Engineer&htidocid=7p-BV5cK2VShjnTWAAAAAA%3D%3D&hl=en-US&shndl=37&shmd=H4sIAAAAAAAA_xXJsQrCMBCAYVz7BjrdLLURQQRdLaJUUFrncq0hidS7kLuhPoZvbF3-4fuz7yzbHVERSnKBrE2wgrKpcrh91DPlUN-riS7cgVhMvQcmODG7wS4OXjXK3hiRoXCiqKEven4bJtvxaF7cyT-teEw2Dqi23WzXYxHJLeePuoFAcMVponhNmMOZngF_p8eQrZQAAAA&shmds=v1_AUFQtOMOPJV6ZCZlPqjo0VnWdr5IR7mta9yyC8B8rkC15oAaiw&source=sh/x/job/li/m1/1#fpstate=tldetail&htivrt=jobs&htiq=Data+Engineer&htidocid=7p-BV5cK2VShjnTWAAAAAA%3D%3D,N/A
Data Engineer: Data Platforms,Ibm (international Business Machines),"Pune, Maharashtra, India","Introduction
In this role, you ll work in one of our IBM Consulting Client Innovation Centers (Deliv...",https://www.google.com/search?ibp=htl;jobs&q=Data+Engineer&htidocid=S1Cjh0C49r2CxMU_AAAAAA%3D%3D&hl=en-US&shndl=37&shmd=H4sIAAAAAAAA_x2OwQrCQAxE8dpP8JSjSu2K6KWeFEUqCP2DktbYXWmTstlCv8zvc-tlmBmYxyTfRXK4YkC4ceuYyOfwj2WH4S2-V9jCQ2pQQt9YEIa7SNvR8mRDGDQ3RrXLWg0YXJM10hthqmUyH6l1lkotehoijqr9cTdlA7ebc1H3sHIcyHMcCmMHl1HjAVV4YmNntwbHUI5MaawiBNUGjykU_HL4A83lcee5AAAA&shmds=v1_AUFQtOPcY25KQYLSJ-gb4-daBe3EuzU0gm_t8tWWj4ybgnPGMA&source=sh/x/job/li/m1/1#fpstate=tldetail&htivrt=jobs&htiq=Data+Engineer&htidocid=S1Cjh0C49r2CxMU_AAAAAA%3D%3D,N/A
"Principal Engineer Golang, Java, AWS & Data Engineering role at forcepoint in Mumbai ,Thane",forcepoint,"Thane, Maharashtra, India","Apply for Principal Engineer Golang, Java, AWS & Data Engineering role at Career Progress Consultant...",https://www.google.com/search?ibp=htl;jobs&q=Data+Engineer&htidocid=niNAGuEnD1BJsGJrAAAAAA%3D%3D&hl=en-US&shndl=37&shmd=H4sIAAAAAAAA_1WOsUpDQRBFsc0nWN0qgry8J4KNqQQlJBAQFCzDvM1kd2Qzs-xOQr7Vr_FpIdjc6nDPmX1dzeprFQ1SKONFoyhzxcoyaeywoTN1ePp4wxzP5PRHiEZUywxyHKwGLibqEMX2dBxJ0L0nUsYCGxvRmGpIMJ2OLWa-Xib30h6HobXcx-bkEvpgx8GUR7sMnza2n9m1RJVLJufd_cPdpS8ab2_-C39FHbY0odSS16l4rXuhb4CefB7dAAAA&shmds=v1_AUFQtOPPuVYXWuMqsddk3JMr4ODglFmPAbD0frduH4uQ2Kwxyg&source=sh/x/job/li/m1/1#fpstate=tldetail&htivrt=jobs&htiq=Data+Engineer&htidocid=niNAGuEnD1BJsGJrAAAAAA%3D%3D,2/25/2025
Technical specialist- Data Engineer,Deutsche Bank,"Pune, Maharashtra, India","Technical specialist- Data Engineer

Job ID: R0351780
Full/Part-Time: Full-time

Regular/Temporary: ...",https://www.google.com/search?ibp=htl;jobs&q=Data+Engineer&htidocid=20mtlnbGIOqA-WEvAAAAAA%3D%3D&hl=en-US&shndl=37&shmd=H4sIAAAAAAAA_xXKsQrCMBAAUFz7CU63Km0jgkvdpCIKgoN7ucYjicZLyF2hH-SHqsubXvVZVN2drOdgMYJksgFjEG2gR0U4sgtMVKCBSxpBCIv1kBhOKblIy71XzdIZIxJbJ4oabGvT2ySmMc3mmUb5M4jHQjmi0rDdbeY2s1uveppUrCc4IL8gMNwmphqu-MsoXgvWcOZHwC-4zd6opwAAAA&shmds=v1_AUFQtOOIhBqsQixXdaRjw9WS0_cA-VwseEW-ao5EKsmzbqzcvg&source=sh/x/job/li/m1/1#fpstate=tldetail&htivrt=jobs&htiq=Data+Engineer&htidocid=20mtlnbGIOqA-WEvAAAAAA%3D%3D,N/A
Data Engineer III,JPMorgan Chase & Co.,"Mumbai, Maharashtra, India","Be part of a dynamic team where your distinctive skills will contribute to a winning culture.

Your ...",https://www.google.com/search?ibp=htl;jobs&q=Data+Engineer&htidocid=33r8nbap37TBAfjuAAAAAA%3D%3D&hl=en-US&shndl=37&shmd=H4sIAAAAAAAA_xXLsQrCMBAAUFz7CU43iUhNpOCiYxVJoeAflEs9kkh7V3IR_Bd_Vl3e9qrPqtpesCBcOSQmyuCcgz104kEJ8xhBGG4iYaL1OZay6Mla1ckELVjSaEaZrTB5eduneP0zaMRMy4SFhuZ4eJuFw67p7r3kgAxtRCXYQCsGEkP_mj2mGnr8LdRYMtbg-JHwC8fVwcqeAAAA&shmds=v1_AUFQtOMJJO9BoMhsw309KhRWTxf98sr_lhqO8cg5For-ebbY2g&source=sh/x/job/li/m1/1#fpstate=tldetail&htivrt=jobs&htiq=Data+Engineer&htidocid=33r8nbap37TBAfjuAAAAAA%3D%3D,3/2/2025
data-engineer-immd-bangalore-7-years-23167,Altimetrik,"Bengaluru, Karnataka, India",No job summary available....,https://www.google.com/search?ibp=htl;jobs&q=Data+Engineer&htidocid=KdQNbAgvW6y0pMUkAAAAAA%3D%3D&hl=en-US&shndl=37&shmd=H4sIAAAAAAAA_xWOQQ6CMBAA45UneNqrhlLFKIme8GLUR5AFNqVSdklbEnyTnxQuc5jLTPLbJGWLERWxsUzklR2GVtXIBp14UoX6Evqg8tPxUoCCl9QQFtN0IAwPEeNoe-tiHMNV6xBcZkLEaJuskUELUy2z_kgdVlShQ0-jw0hVfj7M2chmvytdtANFb3uwDHda05OfUnij5-WtxxSe3Fr8AwxNQjauAAAA&shmds=v1_AUFQtONkGSM737Ez3P7MuxQcq7qzZ6sBMLavVWOzjK7k4he1_A&source=sh/x/job/li/m1/1#fpstate=tldetail&htivrt=jobs&htiq=Data+Engineer&htidocid=KdQNbAgvW6y0pMUkAAAAAA%3D%3D,2/24/2025
"Sr. Data Engineer(4+ Yrs, Hadoop, Scala, Python, Java",Visa,"Karnataka, India","Company DescriptionCompany DescriptionVisa is a world leader in payments and technology, with over 2...",https://www.google.com/search?ibp=htl;jobs&q=Data+Engineer&htidocid=xa2gwwi0qT0P-7htAAAAAA%3D%3D&hl=en-US&shndl=37&shmd=H4sIAAAAAAAA_xXOsQrCMBCAYVz7BOJ0o2hMRXTRVVGrg1AQnOTahiRa70IuSH0g39O6_Ov3Z99Bdi6jhi0mhB1ZT8bE8XIKtygKDtgwBwVljS0quHySY1JQ4BthBgVXIAZj7YAJ9sy2NaONSynIOs9FWm0lYfK1rvmVM5mKu_zBlfxzF4fRhBaTuS9W804HspPh1QuCJzhhpP7o2aNHajz-AK8-34uoAAAA&shmds=v1_AUFQtOP7qN5oYjQKNCwmu5ZaqQuXu3RtbPS6ZZ1sw4VrO-qE9w&source=sh/x/job/li/m1/1#fpstate=tldetail&htivrt=jobs&htiq=Data+Engineer&htidocid=xa2gwwi0qT0P-7htAAAAAA%3D%3D,2/13/2025
Azure Data Engineer - Synapse Analytics,People Konnect,"Mumbai, Maharashtra, India","Job Title : Data Engineer

Function : Information Technology

Location : Mumbai, Maharashtra, India
...",https://www.google.com/search?ibp=htl;jobs&q=Data+Engineer&htidocid=UGXMeO0_hbenxdDwAAAAAA%3D%3D&hl=en-US&shndl=37&shmd=H4sIAAAAAAAA_xXKQQrCMBBAUdz2CK5mLbUVwY2CUFBEpSB4gDKpQxpJZ0ImhdYreUnr5i8-L_susmP1GSLBCRPCma1joghreE6MQQkqRj8l1-r8bmJACWPbgTBcRKyn5aFLKei-LFV9YTXhjItW-lKYjIzlW4z-02iHkYLHRM12txmLwHaVP0iCJ7gLM7UJHEM99AZdDjXOHrVLEXO48svhD8T1q3iuAAAA&shmds=v1_AUFQtOMGTmLl0qngU1_f_VZ3iijzEFYELXeB6QnBNNIHWnbZqg&source=sh/x/job/li/m1/1#fpstate=tldetail&htivrt=jobs&htiq=Data+Engineer&htidocid=UGXMeO0_hbenxdDwAAAAAA%3D%3D,2/10/2025
Data Engineering Manager,Hewlett Packard Enterprise,"Pune, Maharashtra, India","Data Engineering Manager

This role has been designed as â€˜Hybridâ€™ with an expectation that you will ...",https://www.google.com/search?ibp=htl;jobs&q=Data+Engineer&htidocid=z2eTR3kcCcbcsqLvAAAAAA%3D%3D&hl=en-US&shndl=37&shmd=H4sIAAAAAAAA_xWOSwrCMBBAcesRXM1aaiOCLnSr-AGhNyjTdEiidSZkRuyJPKd183aP9-bf2dwd0RBOHBITlcQB7sgYqMAKbtKBEhYfQRjOImGgxSGaZd07pzrUQQ0t-drLywlTJ6N7SKd_tBqxUB7QqN1s12OdOSx3F_oMZAYN-ieWfgoblVySEiSG5s1UTQOTiRqtYAVX7hP-ABmR8_OpAAAA&shmds=v1_AUFQtOOLg-M-em1-JpXk2e29drTh1Ry9Aytn16MqJ-V40GfM5A&source=sh/x/job/li/m1/1#fpstate=tldetail&htivrt=jobs&htiq=Data+Engineer&htidocid=z2eTR3kcCcbcsqLvAAAAAA%3D%3D,2/20/2025
Big Data Engineer (Senior),Infogain,"Bengaluru, Karnataka, India","ROLES & RESPONSIBILITIES

Advanced knowledge of Azure data services such as Azure SQL Database, Azur...",https://www.google.com/search?ibp=htl;jobs&q=Data+Engineer&htidocid=E5SSdz8mrCDncx3rAAAAAA%3D%3D&hl=en-US&shndl=37&shmd=H4sIAAAAAAAA_xXOPQrCQBBAYWxzBKvp_CFmVbDRLigSLT1AmMRxsrrOhJ0N5CreVoXHV7_sM8k2pWc4YkI4CXshijC_kXiNC1jBRRswwth2oAJnVQ40PXQp9bZ3ziwUbAmTb4tW306FGh3dUxv7U1uHkfqAiertbj0WvfByVslDGb3Ar5KEMQxxyOGKUX4XL8yhkrvHL8DHwlmcAAAA&shmds=v1_AUFQtONLF8qTyi0llB8mMMWwKa0s5ssohuoZzH1oeut1PFj1PQ&source=sh/x/job/li/m1/1#fpstate=tldetail&htivrt=jobs&htiq=Data+Engineer&htidocid=E5SSdz8mrCDncx3rAAAAAA%3D%3D,2/20/2025
KGeN - Data Engineer - ETL,KGEN,"Karnataka, India","Company Description

KGeN (Kratos Gamer Network) is building a multi-chain gamer network that aims t...",https://www.google.com/search?ibp=htl;jobs&q=Data+Engineer&htidocid=7geGt3_eZfvnbIagAAAAAA%3D%3D&hl=en-US&shndl=37&shmd=H4sIAAAAAAAA_xXNsQrCMBCAYVz7BOJ0s2ijgouulqCRTu7lEo80Wu9KLkOfwae2Lh_80199F9XeWWphCxcsCA3HxER57uZxn72JByXMoQdhsCJxoNW5L2XUkzGqQx21YEmhDvIxwuRlMi_x-qfTHjONAxbqDsfdVI8c10tnmxYSg8PM8_ONG7jyM-EP5XKSTY0AAAA&shmds=v1_AUFQtOO4EHOjHTepZFhJORaun3kPCQi2AQ7WA2js_LAekOSuZw&source=sh/x/job/li/m1/1#fpstate=tldetail&htivrt=jobs&htiq=Data+Engineer&htidocid=7geGt3_eZfvnbIagAAAAAA%3D%3D,2/24/2025
Snowflake Developer/Data Engineer,Ace Technologies,Anywhere,"Ace Technologies, a leading recruitment firm, is dedicated to sourcing exceptional talent for remote...",https://www.google.com/search?ibp=htl;jobs&q=Data+Engineer&htidocid=yI4srl1nhv3KDf8_AAAAAA%3D%3D&hl=en-US&shndl=37&shmd=H4sIAAAAAAAA_xXEsQrCMBAAUFz7CU43izYiCKKTUBEdRFDnck3PJBrvQi5oP8nPFN_wqu-oWl1YPveIT4KG3hQlUTYNFoQdu8BEGWZwlA6UMFsPwrAXcZHGG19K0rUxqrF2WrAEW1t5GWHqZDAP6fRfqx4zpYiF2sVyPtSJ3cRsLcGVrGeJ4gIpBIaThB6ncCsFM5wz9qR-CgfuA_4A7sudk6sAAAA&shmds=v1_AUFQtOPUhKo4JKzARFeuaL0e4B1hs4TCNGeRtB0qvOkigLr2YA&source=sh/x/job/li/m1/1#fpstate=tldetail&htivrt=jobs&htiq=Data+Engineer&htidocid=yI4srl1nhv3KDf8_AAAAAA%3D%3D,N/A
SDE 1 (Data Engineer),PhysicsWallah,"Noida, Uttar Pradesh, India","Requirements:
â€¢ Can Develop ETL (Extract, Transform, Load) processes to move and transform data betw...",https://www.google.com/search?ibp=htl;jobs&q=Data+Engineer&htidocid=uf7ARhRhH2nGwuDmAAAAAA%3D%3D&hl=en-US&shndl=37&shmd=H4sIAAAAAAAA_xXEsQrCMBAAUFz7CU43qsRGBRddW0QHEUQcyzU9kkjMldwN9VP8W_ENr_rOKnNvWtjCokFFaLOPmagsYQ0X7kEIiwvAGU7MPtH8GFRHOVgrkmovihpd7fhtOVPPk31xL_86CVhoTKjU7fabqR6zX5lb-Eh08sSUMEDMcOU4oIGHKha4FRxIgoFzHiL-AHMEngWcAAAA&shmds=v1_AUFQtOMVxxzINo2-lHrkkx5zYv-vwbVEjyv5WyiOpKwisDXvyg&source=sh/x/job/li/m1/1#fpstate=tldetail&htivrt=jobs&htiq=Data+Engineer&htidocid=uf7ARhRhH2nGwuDmAAAAAA%3D%3D,N/A
"Data engineer(Databricks,pyspark, ADF,SQL)",Risk Resources,"Bhubaneswar, Odisha, India",Overview: The role of a Data Engineer is pivotal in transforming raw data into actionable insights t...,https://www.google.com/search?ibp=htl;jobs&q=Data+Engineer&htidocid=ceLY1V-aFTaU_BRxAAAAAA%3D%3D&hl=en-US&shndl=37&shmd=H4sIAAAAAAAA_xXLQQrCMBBAUdz2CK5mqRJbEdzoqlIURRDrAcokHdrYmgmZFOulPKO6-fAWP_lMkrzAiECusY4ozP7SwZpOlH-Lx9ApyIuDut8uc1jCmTUIYTAtsIMjc9PTdNfG6GWbZSJ92kjEaE1q-JmxI81j9mAt_1TSYiDfY6RqvVmNqXfNQpVWOihJeAiGBKyDfTtodCQvDAqutf1tCk6utvgFHCHtybEAAAA&shmds=v1_AUFQtOMG7-0ujVjHgDbtZM9tTECobupMJUbM-Kr8AK4HKHKBlw&source=sh/x/job/li/m1/1#fpstate=tldetail&htivrt=jobs&htiq=Data+Engineer&htidocid=ceLY1V-aFTaU_BRxAAAAAA%3D%3D,2/4/2025
Sr/ Staff/Sr. Staff/Principal Engineer(Python | Spark | BigData | Kubernetes |SQL),Zscaler,India,"About Zscaler

Zscaler (NASDAQ: ZS) accelerates digital transformation so that customers can be more...",https://www.google.com/search?ibp=htl;jobs&q=Data+Engineer&htidocid=IzfGwdr7oq3671CHAAAAAA%3D%3D&hl=en-US&shndl=37&shmd=H4sIAAAAAAAA_y2LsWoCQRBASWuV2mrKRPA2BNIknSiiplC2S3PMbca91XV2mRnBwH1Zvs4LpHnvNW_y-zBJXhx4w-PReWn-ay-JQ6qYYcUxMZE87X-sLwwD-IpyHr1IcYmGY-2uHQmTkcLgD5_PMIdt6UAJJfQwTutSYqbpR29W9d051dxENbQUmlAurjB15eZOpdM_tNqjUM1o1L6-vdyaynH2-KUBMwkkhg1_J7wD6W5dl70AAAA&shmds=v1_AUFQtOOQpb9H9Zz3EyjBAyMB4RSE23PKRtLfYIpjYOeCXn7Pjw&source=sh/x/job/li/m1/1#fpstate=tldetail&htivrt=jobs&htiq=Data+Engineer&htidocid=IzfGwdr7oq3671CHAAAAAA%3D%3D,N/A
Data Engineer ( Apply only if interested in H1B visa for USA ),ShyraTech LLC,"Panchkula, Haryana, India",Urgent hiring for Data Engineer for our USA based client ( Apply only if interested in H1B visa peti...,https://www.google.com/search?ibp=htl;jobs&q=Data+Engineer&htidocid=rJGq69amu6Nagf9EAAAAAA%3D%3D&hl=en-US&shndl=37&shmd=H4sIAAAAAAAA_xWNyw4BQRBFY-sTrGqJMIPEhpVXPGIhwVpqRpluWlWnq4n5O5-mbU7O5p7b_Daa5yVGhBVXlokCtGHmvatBOMHewHKkQBrpmhQ2wzm8rSLcJMD5OIMO9GEnBShhKE1awVqkctSamhi9TvJc1WWVRoy2zEp55sJUyCe_S6F_XNRgIO8w0mU0Hnwyz1W3ezR1wBOl4n6_-B8fkEvzeDnswQZDjZxky1eLPyn02NDDAAAA&shmds=v1_AUFQtOPfQU0RWXPYXWee8Bo3xW3JraXxTI9jYE9Fdk1o8E6Wiw&source=sh/x/job/li/m1/1#fpstate=tldetail&htivrt=jobs&htiq=Data+Engineer&htidocid=rJGq69amu6Nagf9EAAAAAA%3D%3D,2/27/2025
Azure Cloud Data Engineer,Shifastar,"Pune, Maharashtra, India",We are seeking a highly skilled Azure Cloud Data Engineer with strong experience in Azure Synapse An...,https://www.google.com/search?ibp=htl;jobs&q=Data+Engineer&htidocid=XLJZT_eP5Bmvb20wAAAAAA%3D%3D&hl=en-US&shndl=37&shmd=H4sIAAAAAAAA_xXLsQrCMBCAYVz7CE63uEhNiuCik6iIgiD4AOXankkk3pVcCsUH8Xmtyz99f_GdFdX-MySCQ5ShgyNmhBO7wEQJVnCVBpQwtR6E4SziIs13Pudet9aqRuM0Yw6taeVthamR0b6k0X9q9Zioj5ipXm-q0fTslouHD0-cpgSB4T4wlXDDCaL6nLCEC3cBf6K4LiqZAAAA&shmds=v1_AUFQtONeuIKzL54OdGh_ORsJJs0ikPWL1Gw8Q0xklJ9-tVswMg&source=sh/x/job/li/m1/1#fpstate=tldetail&htivrt=jobs&htiq=Data+Engineer&htidocid=XLJZT_eP5Bmvb20wAAAAAA%3D%3D,2/27/2025
Big Data Engineer ( 6 - 9 years of experience only ),Hexaware Technologies,"Mount Abu, Rajasthan, India","Location : Chennai , Bengaluru , Mumbai , Pune

Job Description
â€¢ Solid Hands-on experience with Azu...",https://www.google.com/search?ibp=htl;jobs&q=Data+Engineer&htidocid=zYXmnWujK1FU6CUMAAAAAA%3D%3D&hl=en-US&shndl=37&shmd=H4sIAAAAAAAA_xWKvW7CQBAGRetHoPpKQMSOEEGCVImC8oNoUHprfSx3hy67lvesmLfLo8U0U8xM8TcpDq_R440yYS8-CnOHGTZ4wBY3ps6gF_DQchdZHEMl3TAf85c2sHFwYXR4V_WJp88h59Z2VWWWSm-ZcnSl059KhRsdqqs2dkdtgTpuE2WuV0-PQ9mKX6w_eKDf0eObXRBN6iMbouCovWS8NP0SJ7qS5UCyxKecI_0DQkWlTsMAAAA&shmds=v1_AUFQtOONa1b2SUhHgFKg3buKg_k5bJcsNdmPjLsbufjmR_z0_Q&source=sh/x/job/li/m1/1#fpstate=tldetail&htivrt=jobs&htiq=Data+Engineer&htidocid=zYXmnWujK1FU6CUMAAAAAA%3D%3D,2/13/2025
"Data Scientist, Amazon Prime India, Amazon",Amazon,"Bengaluru, Karnataka, India",Amazon Prime India is seeking a Data Scientist to lead business intelligence and drive member insigh...,https://www.google.com/search?ibp=htl;jobs&q=Data+Engineer&htidocid=6l2Q7KRPvM7BERvzAAAAAA%3D%3D&hl=en-US&shndl=37&shmd=H4sIAAAAAAAA_z2OMQrCQBBFsc0RrKaxkZgVwUariCBqI3iAMFmHzepmNuxMIHghr2kUsfnwf_H-y16TrNyjIlytJ1YvmkPZ4jMyXJJvCY588_jfFnCKNQhhsg2M_RCjCzTdNqqdbIwRCYUTRfW2sLE1kamOg7nHWj5RSYOJuoBK1Wq9HIqO3Xz2Y3uGHbHD0Kc-hzMmHr0e4_dX4Q3W3tWCqgAAAA&shmds=v1_AUFQtOP1dBZZf0mMUl7kEfwuICTRk-ImLaEG54H5iFSZaoNQVg&source=sh/x/job/li/m1/1#fpstate=tldetail&htivrt=jobs&htiq=Data+Engineer&htidocid=6l2Q7KRPvM7BERvzAAAAAA%3D%3D,N/A
Data Engineer  Snowflake,Nice software solutions,"Nagpur, Maharashtra, India","Full Time

Rotational Shift

Job Location: Nagpur / Pune

No. Of Positions: 3

Experience Required: ...",https://www.google.com/search?ibp=htl;jobs&q=Data+Engineer&htidocid=uYPoNlT7VQ-OHQ3wAAAAAA%3D%3D&hl=en-US&shndl=37&shmd=H4sIAAAAAAAA_xWLQQrCQAwA8doneMpZaleEXvSqiIK9-ICS1nS7uiZlk9J-yH9aL8PAMNl3lbkTGsKZfWCiBPBgmbqIb4It3KQBJUxtD8JwEfGR1sfebNCDc6qx8GpooS1a-ThhamR2L2n0j1p7TDRENKr35W4uBvabsgotgUpn0xIXiaMFYYXAUKEfxpTDHZcRtbeEOVz5GfAHLF-uo6gAAAA&shmds=v1_AUFQtOOkdbGrgeASyxRwbRABeJHIwLFqHLFREyQLFPwaQih7Qw&source=sh/x/job/li/m1/1#fpstate=tldetail&htivrt=jobs&htiq=Data+Engineer&htidocid=uYPoNlT7VQ-OHQ3wAAAAAA%3D%3D,2/14/2025
Data Engineer Deputy Manager,Philips,"Tamil Nadu, India","Job Title
Data Engineer Deputy Manager

Job Description

Job title:
Data Engineer Deputy Manager

Yo...",https://www.google.com/search?ibp=htl;jobs&q=Data+Engineer&htidocid=n9G0UWDM6RZU--E9AAAAAA%3D%3D&hl=en-US&shndl=37&shmd=H4sIAAAAAAAA_xXHsQrCQAwAUFz7CeKQWbQniouuFVFQHNxL2oa7yDU5mivUv_CT1eXBKz6zYldhRjiJZyEaoKI05jfcUND_uoarNmCEQxtABc6qPtL8GHJOdnDOLJbeMmZuy1Z7p0KNTu6ljf2pLeBAKWKmervfTGUSv1w8AkdOBizwxJ4j3LEbV3CRjvELAKWwv5MAAAA&shmds=v1_AUFQtOMUVyFjWEqhXopU6sth7lSU_hKSvQSKs7A2A5AtX5fIrg&source=sh/x/job/li/m1/1#fpstate=tldetail&htivrt=jobs&htiq=Data+Engineer&htidocid=n9G0UWDM6RZU--E9AAAAAA%3D%3D,N/A
Lead Software Engineer (Snowflake Data Platform enablement on AWS),Mastercard,"Pune, Maharashtra, India","Our Purpose

Mastercard powers economies and empowers people in 200+ countries and territories world...",https://www.google.com/search?ibp=htl;jobs&q=Data+Engineer&htidocid=NRb87d8mqQ8-XlHbAAAAAA%3D%3D&hl=en-US&shndl=37&shmd=H4sIAAAAAAAA_xWNvQrCYAwAcfURnDKJirYiuOgkKKIoFDqIU0nb9Ee_JuVLxD6ej2a73HAc3Pg3Gj9vhDnEUtgXPcGJy5qJPMxilm_h8E1wREOIHFohvgFiTB01xAbCcHjEc1jBVVJQQp9VgzyLlI4m-8qs1V0YqrqgVEOrsyCTJhSmVLrwJakOSLTq120_oGSzXXdBy-Viekc18hn6HGqG6MO0hDv2JWplHpdw4bzGPyIna7XDAAAA&shmds=v1_AUFQtOP7PDO4MvEDob1kU1UCMbJpUGc1o6fdrW5P4OHn1ifNkA&source=sh/x/job/li/m1/1#fpstate=tldetail&htivrt=jobs&htiq=Data+Engineer&htidocid=NRb87d8mqQ8-XlHbAAAAAA%3D%3D,2/25/2025
SQL Server Data Engineers,Axcess.io,"Bengaluru, Karnataka, India","About us

We offer Cloud Managed Services and DevOps Automation to improve the agility and velocity ...",https://www.google.com/search?ibp=htl;jobs&q=Data+Engineer&htidocid=Y3O1tTLAahZJXfsGAAAAAA%3D%3D&hl=en-US&shndl=37&shmd=H4sIAAAAAAAA_xXNvQrCMBAAYFz7CE43itSkCC46KYr4s0gfoFzjkUbjXcml0lfxbdXlW7_iMymq-naFmtKbEuwxIxzYByZKCgs4SwtKmFwHwnAU8ZGmmy7nXtfWqkbjNWMOzjh5WWFqZbQPafVPox0m6iNmaparajQ9-_lsOzpSNUEgMOyIPcYhDSVcMPGvf2IJJ74H_AL3cg8pnAAAAA&shmds=v1_AUFQtOMwYu-C-CMSEovaS1GwJhBT1Ejl4hPEZSAWRgEsl0qEIA&source=sh/x/job/li/m1/1#fpstate=tldetail&htivrt=jobs&htiq=Data+Engineer&htidocid=Y3O1tTLAahZJXfsGAAAAAA%3D%3D,2/22/2025
"Braincranx IT solutions Looking for Cloud Data Engineer for IT Data Analytics Team at Pune, Mah[...]",Braincranx IT solutions,Anywhere,"Job Title: Cloud Data Engineer for IT Data Analytics Team
Type: Full Time / Permanent Role
Work from...",https://www.google.com/search?ibp=htl;jobs&q=Data+Engineer&htidocid=cjaOBtTM3pCNbFBHAAAAAA%3D%3D&hl=en-US&shndl=37&shmd=H4sIAAAAAAAA_3WOMUsDQRCFsc1PsHq1xL0QsdFKjYQEBYt0ImHuMu5u3MwcO3Nw4o_2LxjTWNm84oP3vTf5Ppt83VfK0lWSEasNTMvgWcXwpPqRJeJdKx6KDjssyAmPErMw1xM_Fk7wTqh8eu4MG6YDyPEyCE_xTOk1hPCGS6y1hTHVLkEFS9VY-Pw2ufd20zRmJURzOjpCp4dGhVsdm7229htbS1S5L-S8nV_PxtBLvLj673mWv3mqZMkrTbGSXaYfaKCvg_IAAAA&shmds=v1_AUFQtOP9iZQ66Kv7INMi_RlEChm8JRsoZtQdm-mHC2A1bMCEjw&source=sh/x/job/li/m1/1#fpstate=tldetail&htivrt=jobs&htiq=Data+Engineer&htidocid=cjaOBtTM3pCNbFBHAAAAAA%3D%3D,2/27/2025
Lead Data Engineer ( YC startup),Founding Teams,"Bareilly, Uttar Pradesh, India","Company Description

FoundingTeams.ai is an AI accelerator and talent platform. We enable AI and Tec...",https://www.google.com/search?ibp=htl;jobs&q=Data+Engineer&htidocid=rohE04C_aHuZDpLmAAAAAA%3D%3D&hl=en-US&shndl=37&shmd=H4sIAAAAAAAA_xXNvwrCMBCAcVz7CE43qtRGBBF08y-Kg4MOTuXaHkkkzYVcCvWNfEzr8k0_-LLvKFvfCBs4YEI4em09UYQJvPYgCWPqwhTmcOUKhDDWBtjDmVk7Gm9NSkE2Som4Qg862bqouVXsqeJevbmSf0oxGCk4TFQuV4u-CF7PFifufGO9hgdhK2A97AZlnfvk8EzDGu4RGxKTw2WA-ANbniqjqwAAAA&shmds=v1_AUFQtOMuvvX7xyHqBzQxvXvJI-yXeOVc9Ovl_Q3rptfpGleXsA&source=sh/x/job/li/m1/1#fpstate=tldetail&htivrt=jobs&htiq=Data+Engineer&htidocid=rohE04C_aHuZDpLmAAAAAA%3D%3D,2/14/2025
